{
    "os": "Linux-6.6.9-200.fc39.x86_64-x86_64-with-glibc2.35",
    "python": "3.10.13",
    "heartbeatAt": "2024-08-01T15:17:21.344447",
    "startedAt": "2024-08-01T15:17:18.837377",
    "docker": null,
    "cuda": null,
    "args": [
        "--train_dataset_path=data_model/train_data.json",
        "--valid_dataset_path=data_model/val_data.json",
        "--batch_size=16",
        "--lr=0.0000001",
        "--epochs=40",
        "--save_file=lm_base",
        "--use_wandb=True"
    ],
    "state": "running",
    "program": "/home/jovyan/MSc_Project/synesthesia/audio/run.py",
    "codePathLocal": "run.py",
    "codePath": "audio/run.py",
    "git": {
        "remote": "https://github.com/sudongtan/synesthesia.git",
        "commit": "f09d7a6bb9215d3c60c1e3d61d41a68352d56937"
    },
    "email": null,
    "root": "/home/jovyan/MSc_Project/synesthesia",
    "host": "jupyter-ec23691",
    "username": "jovyan",
    "executable": "/opt/conda/bin/python",
    "cpu_count": 24,
    "cpu_count_logical": 48,
    "cpu_freq": {
        "current": 1220.5476041666668,
        "min": 0.0,
        "max": 0.0
    },
    "cpu_freq_per_core": [
        {
            "current": 800.496,
            "min": 0.0,
            "max": 0.0
        },
        {
            "current": 800.672,
            "min": 0.0,
            "max": 0.0
        },
        {
            "current": 800.174,
            "min": 0.0,
            "max": 0.0
        },
        {
            "current": 1279.472,
            "min": 0.0,
            "max": 0.0
        },
        {
            "current": 800.947,
            "min": 0.0,
            "max": 0.0
        },
        {
            "current": 800.448,
            "min": 0.0,
            "max": 0.0
        },
        {
            "current": 1600.0,
            "min": 0.0,
            "max": 0.0
        },
        {
            "current": 2097.394,
            "min": 0.0,
            "max": 0.0
        },
        {
            "current": 801.1,
            "min": 0.0,
            "max": 0.0
        },
        {
            "current": 800.59,
            "min": 0.0,
            "max": 0.0
        },
        {
            "current": 800.401,
            "min": 0.0,
            "max": 0.0
        },
        {
            "current": 800.0,
            "min": 0.0,
            "max": 0.0
        },
        {
            "current": 800.128,
            "min": 0.0,
            "max": 0.0
        },
        {
            "current": 800.297,
            "min": 0.0,
            "max": 0.0
        },
        {
            "current": 2100.0,
            "min": 0.0,
            "max": 0.0
        },
        {
            "current": 2100.0,
            "min": 0.0,
            "max": 0.0
        },
        {
            "current": 1881.329,
            "min": 0.0,
            "max": 0.0
        },
        {
            "current": 800.896,
            "min": 0.0,
            "max": 0.0
        },
        {
            "current": 800.541,
            "min": 0.0,
            "max": 0.0
        },
        {
            "current": 800.141,
            "min": 0.0,
            "max": 0.0
        },
        {
            "current": 800.169,
            "min": 0.0,
            "max": 0.0
        },
        {
            "current": 2100.0,
            "min": 0.0,
            "max": 0.0
        },
        {
            "current": 800.0,
            "min": 0.0,
            "max": 0.0
        },
        {
            "current": 800.237,
            "min": 0.0,
            "max": 0.0
        },
        {
            "current": 2100.0,
            "min": 0.0,
            "max": 0.0
        },
        {
            "current": 800.275,
            "min": 0.0,
            "max": 0.0
        },
        {
            "current": 800.483,
            "min": 0.0,
            "max": 0.0
        },
        {
            "current": 2100.0,
            "min": 0.0,
            "max": 0.0
        },
        {
            "current": 799.338,
            "min": 0.0,
            "max": 0.0
        },
        {
            "current": 800.0,
            "min": 0.0,
            "max": 0.0
        },
        {
            "current": 2100.0,
            "min": 0.0,
            "max": 0.0
        },
        {
            "current": 2100.021,
            "min": 0.0,
            "max": 0.0
        },
        {
            "current": 801.472,
            "min": 0.0,
            "max": 0.0
        },
        {
            "current": 2100.0,
            "min": 0.0,
            "max": 0.0
        },
        {
            "current": 800.0,
            "min": 0.0,
            "max": 0.0
        },
        {
            "current": 800.156,
            "min": 0.0,
            "max": 0.0
        },
        {
            "current": 800.63,
            "min": 0.0,
            "max": 0.0
        },
        {
            "current": 1000.029,
            "min": 0.0,
            "max": 0.0
        },
        {
            "current": 1800.0,
            "min": 0.0,
            "max": 0.0
        },
        {
            "current": 2100.0,
            "min": 0.0,
            "max": 0.0
        },
        {
            "current": 1892.123,
            "min": 0.0,
            "max": 0.0
        },
        {
            "current": 2100.0,
            "min": 0.0,
            "max": 0.0
        },
        {
            "current": 2100.0,
            "min": 0.0,
            "max": 0.0
        },
        {
            "current": 2100.0,
            "min": 0.0,
            "max": 0.0
        },
        {
            "current": 2100.0,
            "min": 0.0,
            "max": 0.0
        },
        {
            "current": 800.28,
            "min": 0.0,
            "max": 0.0
        },
        {
            "current": 2100.0,
            "min": 0.0,
            "max": 0.0
        },
        {
            "current": 2100.0,
            "min": 0.0,
            "max": 0.0
        }
    ],
    "disk": {
        "/": {
            "total": 892.6865043640137,
            "used": 336.8285675048828
        }
    },
    "gpu": "NVIDIA A40",
    "gpu_count": 1,
    "gpu_devices": [
        {
            "name": "NVIDIA A40",
            "memory_total": 48305799168
        }
    ],
    "memory": {
        "total": 503.3464775085449
    }
}
