{
    "os": "Linux-6.6.9-200.fc39.x86_64-x86_64-with-glibc2.35",
    "python": "3.10.13",
    "heartbeatAt": "2024-08-19T14:43:10.525786",
    "startedAt": "2024-08-19T14:43:09.930490",
    "docker": null,
    "cuda": null,
    "args": [
        "--train_dataset_path=data_model/train_data.json",
        "--valid_dataset_path=data_model/val_data.json",
        "--batch_size=16",
        "--lr=0.000001",
        "--epochs=40",
        "--save_file=trial",
        "--using_wandb=True"
    ],
    "state": "running",
    "program": "/home/jovyan/MSc_Project/synesthesia/audio/run.py",
    "codePathLocal": "run.py",
    "codePath": "audio/run.py",
    "git": {
        "remote": "https://github.com/sudongtan/synesthesia.git",
        "commit": "f09d7a6bb9215d3c60c1e3d61d41a68352d56937"
    },
    "email": null,
    "root": "/home/jovyan/MSc_Project/synesthesia",
    "host": "jupyter-ec23691",
    "username": "jovyan",
    "executable": "/opt/conda/bin/python",
    "cpu_count": 24,
    "cpu_count_logical": 48,
    "cpu_freq": {
        "current": 1239.2642083333333,
        "min": 0.0,
        "max": 0.0
    },
    "cpu_freq_per_core": [
        {
            "current": 800.178,
            "min": 0.0,
            "max": 0.0
        },
        {
            "current": 2100.0,
            "min": 0.0,
            "max": 0.0
        },
        {
            "current": 800.169,
            "min": 0.0,
            "max": 0.0
        },
        {
            "current": 800.01,
            "min": 0.0,
            "max": 0.0
        },
        {
            "current": 1064.03,
            "min": 0.0,
            "max": 0.0
        },
        {
            "current": 800.0,
            "min": 0.0,
            "max": 0.0
        },
        {
            "current": 800.595,
            "min": 0.0,
            "max": 0.0
        },
        {
            "current": 859.489,
            "min": 0.0,
            "max": 0.0
        },
        {
            "current": 800.0,
            "min": 0.0,
            "max": 0.0
        },
        {
            "current": 2100.0,
            "min": 0.0,
            "max": 0.0
        },
        {
            "current": 2100.0,
            "min": 0.0,
            "max": 0.0
        },
        {
            "current": 2100.0,
            "min": 0.0,
            "max": 0.0
        },
        {
            "current": 800.29,
            "min": 0.0,
            "max": 0.0
        },
        {
            "current": 800.295,
            "min": 0.0,
            "max": 0.0
        },
        {
            "current": 827.049,
            "min": 0.0,
            "max": 0.0
        },
        {
            "current": 800.0,
            "min": 0.0,
            "max": 0.0
        },
        {
            "current": 798.96,
            "min": 0.0,
            "max": 0.0
        },
        {
            "current": 2100.0,
            "min": 0.0,
            "max": 0.0
        },
        {
            "current": 2100.0,
            "min": 0.0,
            "max": 0.0
        },
        {
            "current": 2100.0,
            "min": 0.0,
            "max": 0.0
        },
        {
            "current": 2100.0,
            "min": 0.0,
            "max": 0.0
        },
        {
            "current": 2100.0,
            "min": 0.0,
            "max": 0.0
        },
        {
            "current": 958.885,
            "min": 0.0,
            "max": 0.0
        },
        {
            "current": 883.3,
            "min": 0.0,
            "max": 0.0
        },
        {
            "current": 799.967,
            "min": 0.0,
            "max": 0.0
        },
        {
            "current": 2100.0,
            "min": 0.0,
            "max": 0.0
        },
        {
            "current": 801.343,
            "min": 0.0,
            "max": 0.0
        },
        {
            "current": 2100.0,
            "min": 0.0,
            "max": 0.0
        },
        {
            "current": 800.035,
            "min": 0.0,
            "max": 0.0
        },
        {
            "current": 800.727,
            "min": 0.0,
            "max": 0.0
        },
        {
            "current": 800.314,
            "min": 0.0,
            "max": 0.0
        },
        {
            "current": 800.0,
            "min": 0.0,
            "max": 0.0
        },
        {
            "current": 800.992,
            "min": 0.0,
            "max": 0.0
        },
        {
            "current": 800.0,
            "min": 0.0,
            "max": 0.0
        },
        {
            "current": 800.062,
            "min": 0.0,
            "max": 0.0
        },
        {
            "current": 1501.193,
            "min": 0.0,
            "max": 0.0
        },
        {
            "current": 800.318,
            "min": 0.0,
            "max": 0.0
        },
        {
            "current": 2100.0,
            "min": 0.0,
            "max": 0.0
        },
        {
            "current": 1062.426,
            "min": 0.0,
            "max": 0.0
        },
        {
            "current": 2100.0,
            "min": 0.0,
            "max": 0.0
        },
        {
            "current": 2100.0,
            "min": 0.0,
            "max": 0.0
        },
        {
            "current": 2100.0,
            "min": 0.0,
            "max": 0.0
        },
        {
            "current": 2100.0,
            "min": 0.0,
            "max": 0.0
        },
        {
            "current": 800.153,
            "min": 0.0,
            "max": 0.0
        },
        {
            "current": 800.397,
            "min": 0.0,
            "max": 0.0
        },
        {
            "current": 1797.5,
            "min": 0.0,
            "max": 0.0
        },
        {
            "current": 2100.0,
            "min": 0.0,
            "max": 0.0
        },
        {
            "current": 800.101,
            "min": 0.0,
            "max": 0.0
        }
    ],
    "disk": {
        "/": {
            "total": 892.6865043640137,
            "used": 334.86072158813477
        }
    },
    "gpu": "NVIDIA A40",
    "gpu_count": 1,
    "gpu_devices": [
        {
            "name": "NVIDIA A40",
            "memory_total": 48305799168
        }
    ],
    "memory": {
        "total": 503.3464584350586
    }
}
