{
    "os": "Linux-6.6.9-200.fc39.x86_64-x86_64-with-glibc2.35",
    "python": "3.10.13",
    "heartbeatAt": "2024-08-13T09:04:32.701424",
    "startedAt": "2024-08-13T09:04:32.151240",
    "docker": null,
    "cuda": null,
    "args": [
        "--train_dataset_path=data_model/train_data.json",
        "--valid_dataset_path=data_model/val_data.json",
        "--batch_size=16",
        "--lr=0.0001",
        "--epochs=40",
        "--use_cfg=True",
        "--using_wandb=True",
        "--save_file=trial_falcon"
    ],
    "state": "running",
    "program": "/home/jovyan/MSc_Project/synesthesia/audio/run.py",
    "codePathLocal": "run.py",
    "codePath": "audio/run.py",
    "git": {
        "remote": "https://github.com/sudongtan/synesthesia.git",
        "commit": "f09d7a6bb9215d3c60c1e3d61d41a68352d56937"
    },
    "email": null,
    "root": "/home/jovyan/MSc_Project/synesthesia",
    "host": "jupyter-ec23691",
    "username": "jovyan",
    "executable": "/opt/conda/bin/python",
    "cpu_count": 24,
    "cpu_count_logical": 48,
    "cpu_freq": {
        "current": 1282.1539791666669,
        "min": 0.0,
        "max": 0.0
    },
    "cpu_freq_per_core": [
        {
            "current": 2100.0,
            "min": 0.0,
            "max": 0.0
        },
        {
            "current": 1300.101,
            "min": 0.0,
            "max": 0.0
        },
        {
            "current": 800.0,
            "min": 0.0,
            "max": 0.0
        },
        {
            "current": 800.099,
            "min": 0.0,
            "max": 0.0
        },
        {
            "current": 2099.957,
            "min": 0.0,
            "max": 0.0
        },
        {
            "current": 1399.985,
            "min": 0.0,
            "max": 0.0
        },
        {
            "current": 800.0,
            "min": 0.0,
            "max": 0.0
        },
        {
            "current": 801.67,
            "min": 0.0,
            "max": 0.0
        },
        {
            "current": 800.151,
            "min": 0.0,
            "max": 0.0
        },
        {
            "current": 799.448,
            "min": 0.0,
            "max": 0.0
        },
        {
            "current": 800.4,
            "min": 0.0,
            "max": 0.0
        },
        {
            "current": 1053.057,
            "min": 0.0,
            "max": 0.0
        },
        {
            "current": 800.191,
            "min": 0.0,
            "max": 0.0
        },
        {
            "current": 2100.0,
            "min": 0.0,
            "max": 0.0
        },
        {
            "current": 1200.0,
            "min": 0.0,
            "max": 0.0
        },
        {
            "current": 2097.297,
            "min": 0.0,
            "max": 0.0
        },
        {
            "current": 800.606,
            "min": 0.0,
            "max": 0.0
        },
        {
            "current": 1802.601,
            "min": 0.0,
            "max": 0.0
        },
        {
            "current": 800.326,
            "min": 0.0,
            "max": 0.0
        },
        {
            "current": 2100.422,
            "min": 0.0,
            "max": 0.0
        },
        {
            "current": 800.564,
            "min": 0.0,
            "max": 0.0
        },
        {
            "current": 800.09,
            "min": 0.0,
            "max": 0.0
        },
        {
            "current": 2100.0,
            "min": 0.0,
            "max": 0.0
        },
        {
            "current": 2100.0,
            "min": 0.0,
            "max": 0.0
        },
        {
            "current": 2100.0,
            "min": 0.0,
            "max": 0.0
        },
        {
            "current": 1716.223,
            "min": 0.0,
            "max": 0.0
        },
        {
            "current": 800.602,
            "min": 0.0,
            "max": 0.0
        },
        {
            "current": 800.31,
            "min": 0.0,
            "max": 0.0
        },
        {
            "current": 2100.0,
            "min": 0.0,
            "max": 0.0
        },
        {
            "current": 800.325,
            "min": 0.0,
            "max": 0.0
        },
        {
            "current": 800.33,
            "min": 0.0,
            "max": 0.0
        },
        {
            "current": 799.91,
            "min": 0.0,
            "max": 0.0
        },
        {
            "current": 800.645,
            "min": 0.0,
            "max": 0.0
        },
        {
            "current": 800.651,
            "min": 0.0,
            "max": 0.0
        },
        {
            "current": 800.908,
            "min": 0.0,
            "max": 0.0
        },
        {
            "current": 1439.713,
            "min": 0.0,
            "max": 0.0
        },
        {
            "current": 800.695,
            "min": 0.0,
            "max": 0.0
        },
        {
            "current": 800.68,
            "min": 0.0,
            "max": 0.0
        },
        {
            "current": 1201.315,
            "min": 0.0,
            "max": 0.0
        },
        {
            "current": 2102.176,
            "min": 0.0,
            "max": 0.0
        },
        {
            "current": 800.321,
            "min": 0.0,
            "max": 0.0
        },
        {
            "current": 1877.704,
            "min": 0.0,
            "max": 0.0
        },
        {
            "current": 800.623,
            "min": 0.0,
            "max": 0.0
        },
        {
            "current": 2099.978,
            "min": 0.0,
            "max": 0.0
        },
        {
            "current": 800.128,
            "min": 0.0,
            "max": 0.0
        },
        {
            "current": 800.714,
            "min": 0.0,
            "max": 0.0
        },
        {
            "current": 801.026,
            "min": 0.0,
            "max": 0.0
        },
        {
            "current": 2100.0,
            "min": 0.0,
            "max": 0.0
        }
    ],
    "disk": {
        "/": {
            "total": 892.6865043640137,
            "used": 350.5428581237793
        }
    },
    "gpu": "NVIDIA A40",
    "gpu_count": 1,
    "gpu_devices": [
        {
            "name": "NVIDIA A40",
            "memory_total": 48305799168
        }
    ],
    "memory": {
        "total": 503.3464660644531
    }
}
