{
    "os": "Linux-6.6.9-200.fc39.x86_64-x86_64-with-glibc2.35",
    "python": "3.10.13",
    "heartbeatAt": "2024-07-31T11:16:59.091498",
    "startedAt": "2024-07-31T11:16:58.607671",
    "docker": null,
    "cuda": null,
    "args": [
        "--dataset",
        "data_model",
        "--batch_size=16",
        "--lr=0.00002",
        "--epochs=30",
        "--use_wandb=True",
        "--save_file=lm_modify"
    ],
    "state": "running",
    "program": "/home/jovyan/MSc_Project/synesthesia/audio/run_mod.py",
    "codePathLocal": "run_mod.py",
    "codePath": "audio/run_mod.py",
    "git": {
        "remote": "https://github.com/sudongtan/synesthesia.git",
        "commit": "f09d7a6bb9215d3c60c1e3d61d41a68352d56937"
    },
    "email": null,
    "root": "/home/jovyan/MSc_Project/synesthesia",
    "host": "jupyter-ec23691",
    "username": "jovyan",
    "executable": "/opt/conda/bin/python3",
    "cpu_count": 48,
    "cpu_count_logical": 96,
    "cpu_freq": {
        "current": 3419.1255624999994,
        "min": 0.0,
        "max": 0.0
    },
    "cpu_freq_per_core": [
        {
            "current": 3600.099,
            "min": 0.0,
            "max": 0.0
        },
        {
            "current": 3000.0,
            "min": 0.0,
            "max": 0.0
        },
        {
            "current": 3000.0,
            "min": 0.0,
            "max": 0.0
        },
        {
            "current": 3599.966,
            "min": 0.0,
            "max": 0.0
        },
        {
            "current": 3600.157,
            "min": 0.0,
            "max": 0.0
        },
        {
            "current": 3000.0,
            "min": 0.0,
            "max": 0.0
        },
        {
            "current": 3600.007,
            "min": 0.0,
            "max": 0.0
        },
        {
            "current": 3600.013,
            "min": 0.0,
            "max": 0.0
        },
        {
            "current": 3600.0,
            "min": 0.0,
            "max": 0.0
        },
        {
            "current": 3599.996,
            "min": 0.0,
            "max": 0.0
        },
        {
            "current": 3600.02,
            "min": 0.0,
            "max": 0.0
        },
        {
            "current": 3599.977,
            "min": 0.0,
            "max": 0.0
        },
        {
            "current": 3600.001,
            "min": 0.0,
            "max": 0.0
        },
        {
            "current": 3600.334,
            "min": 0.0,
            "max": 0.0
        },
        {
            "current": 3598.158,
            "min": 0.0,
            "max": 0.0
        },
        {
            "current": 3000.0,
            "min": 0.0,
            "max": 0.0
        },
        {
            "current": 3000.0,
            "min": 0.0,
            "max": 0.0
        },
        {
            "current": 3599.983,
            "min": 0.0,
            "max": 0.0
        },
        {
            "current": 3599.909,
            "min": 0.0,
            "max": 0.0
        },
        {
            "current": 3601.636,
            "min": 0.0,
            "max": 0.0
        },
        {
            "current": 3000.0,
            "min": 0.0,
            "max": 0.0
        },
        {
            "current": 3600.013,
            "min": 0.0,
            "max": 0.0
        },
        {
            "current": 3000.0,
            "min": 0.0,
            "max": 0.0
        },
        {
            "current": 3000.0,
            "min": 0.0,
            "max": 0.0
        },
        {
            "current": 3000.0,
            "min": 0.0,
            "max": 0.0
        },
        {
            "current": 3000.0,
            "min": 0.0,
            "max": 0.0
        },
        {
            "current": 3599.998,
            "min": 0.0,
            "max": 0.0
        },
        {
            "current": 3600.013,
            "min": 0.0,
            "max": 0.0
        },
        {
            "current": 3600.003,
            "min": 0.0,
            "max": 0.0
        },
        {
            "current": 3000.0,
            "min": 0.0,
            "max": 0.0
        },
        {
            "current": 3599.997,
            "min": 0.0,
            "max": 0.0
        },
        {
            "current": 3000.0,
            "min": 0.0,
            "max": 0.0
        },
        {
            "current": 3599.979,
            "min": 0.0,
            "max": 0.0
        },
        {
            "current": 3599.997,
            "min": 0.0,
            "max": 0.0
        },
        {
            "current": 3600.497,
            "min": 0.0,
            "max": 0.0
        },
        {
            "current": 3600.035,
            "min": 0.0,
            "max": 0.0
        },
        {
            "current": 3600.216,
            "min": 0.0,
            "max": 0.0
        },
        {
            "current": 3599.997,
            "min": 0.0,
            "max": 0.0
        },
        {
            "current": 3600.086,
            "min": 0.0,
            "max": 0.0
        },
        {
            "current": 3000.0,
            "min": 0.0,
            "max": 0.0
        },
        {
            "current": 3000.0,
            "min": 0.0,
            "max": 0.0
        },
        {
            "current": 3596.996,
            "min": 0.0,
            "max": 0.0
        },
        {
            "current": 3599.61,
            "min": 0.0,
            "max": 0.0
        },
        {
            "current": 3600.011,
            "min": 0.0,
            "max": 0.0
        },
        {
            "current": 3601.792,
            "min": 0.0,
            "max": 0.0
        },
        {
            "current": 3485.007,
            "min": 0.0,
            "max": 0.0
        },
        {
            "current": 3600.661,
            "min": 0.0,
            "max": 0.0
        },
        {
            "current": 3602.102,
            "min": 0.0,
            "max": 0.0
        },
        {
            "current": 3000.0,
            "min": 0.0,
            "max": 0.0
        },
        {
            "current": 3600.012,
            "min": 0.0,
            "max": 0.0
        },
        {
            "current": 3000.0,
            "min": 0.0,
            "max": 0.0
        },
        {
            "current": 3600.01,
            "min": 0.0,
            "max": 0.0
        },
        {
            "current": 3600.009,
            "min": 0.0,
            "max": 0.0
        },
        {
            "current": 3599.982,
            "min": 0.0,
            "max": 0.0
        },
        {
            "current": 3000.0,
            "min": 0.0,
            "max": 0.0
        },
        {
            "current": 3000.0,
            "min": 0.0,
            "max": 0.0
        },
        {
            "current": 3599.984,
            "min": 0.0,
            "max": 0.0
        },
        {
            "current": 3000.0,
            "min": 0.0,
            "max": 0.0
        },
        {
            "current": 3599.987,
            "min": 0.0,
            "max": 0.0
        },
        {
            "current": 3599.984,
            "min": 0.0,
            "max": 0.0
        },
        {
            "current": 3000.0,
            "min": 0.0,
            "max": 0.0
        },
        {
            "current": 3486.339,
            "min": 0.0,
            "max": 0.0
        },
        {
            "current": 3000.0,
            "min": 0.0,
            "max": 0.0
        },
        {
            "current": 3599.988,
            "min": 0.0,
            "max": 0.0
        },
        {
            "current": 3595.543,
            "min": 0.0,
            "max": 0.0
        },
        {
            "current": 3000.0,
            "min": 0.0,
            "max": 0.0
        },
        {
            "current": 3000.0,
            "min": 0.0,
            "max": 0.0
        },
        {
            "current": 3000.0,
            "min": 0.0,
            "max": 0.0
        },
        {
            "current": 3000.0,
            "min": 0.0,
            "max": 0.0
        },
        {
            "current": 3599.99,
            "min": 0.0,
            "max": 0.0
        },
        {
            "current": 3604.263,
            "min": 0.0,
            "max": 0.0
        },
        {
            "current": 3604.058,
            "min": 0.0,
            "max": 0.0
        },
        {
            "current": 3000.0,
            "min": 0.0,
            "max": 0.0
        },
        {
            "current": 3595.361,
            "min": 0.0,
            "max": 0.0
        },
        {
            "current": 3000.0,
            "min": 0.0,
            "max": 0.0
        },
        {
            "current": 3603.124,
            "min": 0.0,
            "max": 0.0
        },
        {
            "current": 3600.0,
            "min": 0.0,
            "max": 0.0
        },
        {
            "current": 3599.996,
            "min": 0.0,
            "max": 0.0
        },
        {
            "current": 3599.915,
            "min": 0.0,
            "max": 0.0
        },
        {
            "current": 3600.012,
            "min": 0.0,
            "max": 0.0
        },
        {
            "current": 3599.995,
            "min": 0.0,
            "max": 0.0
        },
        {
            "current": 3600.002,
            "min": 0.0,
            "max": 0.0
        },
        {
            "current": 3600.003,
            "min": 0.0,
            "max": 0.0
        },
        {
            "current": 3600.029,
            "min": 0.0,
            "max": 0.0
        },
        {
            "current": 3600.246,
            "min": 0.0,
            "max": 0.0
        },
        {
            "current": 3000.0,
            "min": 0.0,
            "max": 0.0
        },
        {
            "current": 3599.975,
            "min": 0.0,
            "max": 0.0
        },
        {
            "current": 3000.0,
            "min": 0.0,
            "max": 0.0
        },
        {
            "current": 3600.001,
            "min": 0.0,
            "max": 0.0
        },
        {
            "current": 3000.0,
            "min": 0.0,
            "max": 0.0
        },
        {
            "current": 3000.0,
            "min": 0.0,
            "max": 0.0
        },
        {
            "current": 3599.988,
            "min": 0.0,
            "max": 0.0
        },
        {
            "current": 3602.773,
            "min": 0.0,
            "max": 0.0
        },
        {
            "current": 3599.996,
            "min": 0.0,
            "max": 0.0
        },
        {
            "current": 3597.291,
            "min": 0.0,
            "max": 0.0
        },
        {
            "current": 3599.541,
            "min": 0.0,
            "max": 0.0
        }
    ],
    "disk": {
        "/": {
            "total": 1786.9365043640137,
            "used": 341.27136611938477
        }
    },
    "gpu": "NVIDIA A100 80GB PCIe",
    "gpu_count": 1,
    "gpu_devices": [
        {
            "name": "NVIDIA A100 80GB PCIe",
            "memory_total": 85899345920
        }
    ],
    "memory": {
        "total": 1510.3569793701172
    }
}
