{
    "os": "Linux-6.6.9-200.fc39.x86_64-x86_64-with-glibc2.35",
    "python": "3.10.13",
    "heartbeatAt": "2024-07-30T22:29:17.404235",
    "startedAt": "2024-07-30T22:29:16.955468",
    "docker": null,
    "cuda": null,
    "args": [
        "--dataset",
        "data_model",
        "--batch_size=16",
        "--lr=0.000001",
        "--epochs=40",
        "--use_wandb=True",
        "--save_file=lm_falcon"
    ],
    "state": "running",
    "program": "/home/jovyan/MSc_Project/synesthesia/audio/run.py",
    "codePathLocal": "run.py",
    "codePath": "audio/run.py",
    "git": {
        "remote": "https://github.com/sudongtan/synesthesia.git",
        "commit": "f09d7a6bb9215d3c60c1e3d61d41a68352d56937"
    },
    "email": null,
    "root": "/home/jovyan/MSc_Project/synesthesia",
    "host": "jupyter-ec23691",
    "username": "jovyan",
    "executable": "/opt/conda/bin/python3",
    "cpu_count": 48,
    "cpu_count_logical": 96,
    "cpu_freq": {
        "current": 3070.6503645833327,
        "min": 0.0,
        "max": 0.0
    },
    "cpu_freq_per_core": [
        {
            "current": 3601.688,
            "min": 0.0,
            "max": 0.0
        },
        {
            "current": 3000.0,
            "min": 0.0,
            "max": 0.0
        },
        {
            "current": 3599.285,
            "min": 0.0,
            "max": 0.0
        },
        {
            "current": 3000.0,
            "min": 0.0,
            "max": 0.0
        },
        {
            "current": 3000.0,
            "min": 0.0,
            "max": 0.0
        },
        {
            "current": 1200.0,
            "min": 0.0,
            "max": 0.0
        },
        {
            "current": 3600.397,
            "min": 0.0,
            "max": 0.0
        },
        {
            "current": 3000.0,
            "min": 0.0,
            "max": 0.0
        },
        {
            "current": 3601.889,
            "min": 0.0,
            "max": 0.0
        },
        {
            "current": 3000.0,
            "min": 0.0,
            "max": 0.0
        },
        {
            "current": 3602.496,
            "min": 0.0,
            "max": 0.0
        },
        {
            "current": 3000.0,
            "min": 0.0,
            "max": 0.0
        },
        {
            "current": 3600.076,
            "min": 0.0,
            "max": 0.0
        },
        {
            "current": 3000.0,
            "min": 0.0,
            "max": 0.0
        },
        {
            "current": 3000.0,
            "min": 0.0,
            "max": 0.0
        },
        {
            "current": 3000.0,
            "min": 0.0,
            "max": 0.0
        },
        {
            "current": 3000.0,
            "min": 0.0,
            "max": 0.0
        },
        {
            "current": 3000.0,
            "min": 0.0,
            "max": 0.0
        },
        {
            "current": 3000.0,
            "min": 0.0,
            "max": 0.0
        },
        {
            "current": 3000.0,
            "min": 0.0,
            "max": 0.0
        },
        {
            "current": 3596.532,
            "min": 0.0,
            "max": 0.0
        },
        {
            "current": 3000.0,
            "min": 0.0,
            "max": 0.0
        },
        {
            "current": 3000.0,
            "min": 0.0,
            "max": 0.0
        },
        {
            "current": 3000.0,
            "min": 0.0,
            "max": 0.0
        },
        {
            "current": 3602.506,
            "min": 0.0,
            "max": 0.0
        },
        {
            "current": 3000.0,
            "min": 0.0,
            "max": 0.0
        },
        {
            "current": 3000.0,
            "min": 0.0,
            "max": 0.0
        },
        {
            "current": 3000.0,
            "min": 0.0,
            "max": 0.0
        },
        {
            "current": 3419.091,
            "min": 0.0,
            "max": 0.0
        },
        {
            "current": 3000.0,
            "min": 0.0,
            "max": 0.0
        },
        {
            "current": 3599.666,
            "min": 0.0,
            "max": 0.0
        },
        {
            "current": 3000.0,
            "min": 0.0,
            "max": 0.0
        },
        {
            "current": 3600.077,
            "min": 0.0,
            "max": 0.0
        },
        {
            "current": 3000.0,
            "min": 0.0,
            "max": 0.0
        },
        {
            "current": 3599.817,
            "min": 0.0,
            "max": 0.0
        },
        {
            "current": 3000.0,
            "min": 0.0,
            "max": 0.0
        },
        {
            "current": 3600.029,
            "min": 0.0,
            "max": 0.0
        },
        {
            "current": 3000.0,
            "min": 0.0,
            "max": 0.0
        },
        {
            "current": 3000.0,
            "min": 0.0,
            "max": 0.0
        },
        {
            "current": 3000.0,
            "min": 0.0,
            "max": 0.0
        },
        {
            "current": 3000.0,
            "min": 0.0,
            "max": 0.0
        },
        {
            "current": 3000.0,
            "min": 0.0,
            "max": 0.0
        },
        {
            "current": 3600.818,
            "min": 0.0,
            "max": 0.0
        },
        {
            "current": 3000.0,
            "min": 0.0,
            "max": 0.0
        },
        {
            "current": 3000.0,
            "min": 0.0,
            "max": 0.0
        },
        {
            "current": 3000.0,
            "min": 0.0,
            "max": 0.0
        },
        {
            "current": 3596.439,
            "min": 0.0,
            "max": 0.0
        },
        {
            "current": 3000.0,
            "min": 0.0,
            "max": 0.0
        },
        {
            "current": 3000.0,
            "min": 0.0,
            "max": 0.0
        },
        {
            "current": 3000.0,
            "min": 0.0,
            "max": 0.0
        },
        {
            "current": 3000.0,
            "min": 0.0,
            "max": 0.0
        },
        {
            "current": 1202.322,
            "min": 0.0,
            "max": 0.0
        },
        {
            "current": 3000.0,
            "min": 0.0,
            "max": 0.0
        },
        {
            "current": 3000.0,
            "min": 0.0,
            "max": 0.0
        },
        {
            "current": 3000.0,
            "min": 0.0,
            "max": 0.0
        },
        {
            "current": 3000.0,
            "min": 0.0,
            "max": 0.0
        },
        {
            "current": 3597.535,
            "min": 0.0,
            "max": 0.0
        },
        {
            "current": 1198.247,
            "min": 0.0,
            "max": 0.0
        },
        {
            "current": 3599.946,
            "min": 0.0,
            "max": 0.0
        },
        {
            "current": 1199.84,
            "min": 0.0,
            "max": 0.0
        },
        {
            "current": 3597.798,
            "min": 0.0,
            "max": 0.0
        },
        {
            "current": 3000.0,
            "min": 0.0,
            "max": 0.0
        },
        {
            "current": 3593.984,
            "min": 0.0,
            "max": 0.0
        },
        {
            "current": 3000.0,
            "min": 0.0,
            "max": 0.0
        },
        {
            "current": 3000.0,
            "min": 0.0,
            "max": 0.0
        },
        {
            "current": 3000.0,
            "min": 0.0,
            "max": 0.0
        },
        {
            "current": 3599.984,
            "min": 0.0,
            "max": 0.0
        },
        {
            "current": 3000.0,
            "min": 0.0,
            "max": 0.0
        },
        {
            "current": 3598.825,
            "min": 0.0,
            "max": 0.0
        },
        {
            "current": 3000.0,
            "min": 0.0,
            "max": 0.0
        },
        {
            "current": 3000.0,
            "min": 0.0,
            "max": 0.0
        },
        {
            "current": 3000.0,
            "min": 0.0,
            "max": 0.0
        },
        {
            "current": 3000.0,
            "min": 0.0,
            "max": 0.0
        },
        {
            "current": 3000.0,
            "min": 0.0,
            "max": 0.0
        },
        {
            "current": 3597.584,
            "min": 0.0,
            "max": 0.0
        },
        {
            "current": 2389.569,
            "min": 0.0,
            "max": 0.0
        },
        {
            "current": 3602.516,
            "min": 0.0,
            "max": 0.0
        },
        {
            "current": 1555.113,
            "min": 0.0,
            "max": 0.0
        },
        {
            "current": 3000.0,
            "min": 0.0,
            "max": 0.0
        },
        {
            "current": 3000.0,
            "min": 0.0,
            "max": 0.0
        },
        {
            "current": 3000.0,
            "min": 0.0,
            "max": 0.0
        },
        {
            "current": 3000.0,
            "min": 0.0,
            "max": 0.0
        },
        {
            "current": 3000.0,
            "min": 0.0,
            "max": 0.0
        },
        {
            "current": 3000.0,
            "min": 0.0,
            "max": 0.0
        },
        {
            "current": 3596.708,
            "min": 0.0,
            "max": 0.0
        },
        {
            "current": 3000.0,
            "min": 0.0,
            "max": 0.0
        },
        {
            "current": 3000.0,
            "min": 0.0,
            "max": 0.0
        },
        {
            "current": 3000.0,
            "min": 0.0,
            "max": 0.0
        },
        {
            "current": 3000.0,
            "min": 0.0,
            "max": 0.0
        },
        {
            "current": 3000.0,
            "min": 0.0,
            "max": 0.0
        },
        {
            "current": 3000.0,
            "min": 0.0,
            "max": 0.0
        },
        {
            "current": 3000.0,
            "min": 0.0,
            "max": 0.0
        },
        {
            "current": 3000.0,
            "min": 0.0,
            "max": 0.0
        },
        {
            "current": 3000.0,
            "min": 0.0,
            "max": 0.0
        },
        {
            "current": 3000.0,
            "min": 0.0,
            "max": 0.0
        },
        {
            "current": 3000.0,
            "min": 0.0,
            "max": 0.0
        }
    ],
    "disk": {
        "/": {
            "total": 1786.9365043640137,
            "used": 374.6053237915039
        }
    },
    "gpu": "NVIDIA A100 80GB PCIe",
    "gpu_count": 1,
    "gpu_devices": [
        {
            "name": "NVIDIA A100 80GB PCIe",
            "memory_total": 85899345920
        }
    ],
    "memory": {
        "total": 1510.3569717407227
    }
}
