{
    "os": "Linux-6.6.9-200.fc39.x86_64-x86_64-with-glibc2.35",
    "python": "3.10.13",
    "heartbeatAt": "2024-08-07T21:21:22.011188",
    "startedAt": "2024-08-07T21:21:21.578022",
    "docker": null,
    "cuda": null,
    "args": [
        "--train_dataset_path=data_model/train_data.json",
        "--valid_dataset_path=data_model/val_data.json",
        "--batch_size=16",
        "--lr=0.000001",
        "--epochs=40",
        "--using_wandb=True",
        "--save_file=model_blip"
    ],
    "state": "running",
    "program": "/home/jovyan/MSc_Project/synesthesia/audio/run.py",
    "codePathLocal": "run.py",
    "codePath": "audio/run.py",
    "git": {
        "remote": "https://github.com/sudongtan/synesthesia.git",
        "commit": "f09d7a6bb9215d3c60c1e3d61d41a68352d56937"
    },
    "email": null,
    "root": "/home/jovyan/MSc_Project/synesthesia",
    "host": "jupyter-ec23691",
    "username": "jovyan",
    "executable": "/opt/conda/bin/python3",
    "cpu_count": 48,
    "cpu_count_logical": 96,
    "cpu_freq": {
        "current": 3124.1674999999996,
        "min": 0.0,
        "max": 0.0
    },
    "cpu_freq_per_core": [
        {
            "current": 3603.562,
            "min": 0.0,
            "max": 0.0
        },
        {
            "current": 2779.375,
            "min": 0.0,
            "max": 0.0
        },
        {
            "current": 3599.979,
            "min": 0.0,
            "max": 0.0
        },
        {
            "current": 3600.005,
            "min": 0.0,
            "max": 0.0
        },
        {
            "current": 3600.007,
            "min": 0.0,
            "max": 0.0
        },
        {
            "current": 2727.502,
            "min": 0.0,
            "max": 0.0
        },
        {
            "current": 3599.906,
            "min": 0.0,
            "max": 0.0
        },
        {
            "current": 3578.286,
            "min": 0.0,
            "max": 0.0
        },
        {
            "current": 3600.001,
            "min": 0.0,
            "max": 0.0
        },
        {
            "current": 3134.092,
            "min": 0.0,
            "max": 0.0
        },
        {
            "current": 3600.001,
            "min": 0.0,
            "max": 0.0
        },
        {
            "current": 3000.0,
            "min": 0.0,
            "max": 0.0
        },
        {
            "current": 3599.982,
            "min": 0.0,
            "max": 0.0
        },
        {
            "current": 2795.853,
            "min": 0.0,
            "max": 0.0
        },
        {
            "current": 3599.975,
            "min": 0.0,
            "max": 0.0
        },
        {
            "current": 1202.941,
            "min": 0.0,
            "max": 0.0
        },
        {
            "current": 3595.532,
            "min": 0.0,
            "max": 0.0
        },
        {
            "current": 3600.019,
            "min": 0.0,
            "max": 0.0
        },
        {
            "current": 3599.984,
            "min": 0.0,
            "max": 0.0
        },
        {
            "current": 3600.0,
            "min": 0.0,
            "max": 0.0
        },
        {
            "current": 3498.153,
            "min": 0.0,
            "max": 0.0
        },
        {
            "current": 2826.926,
            "min": 0.0,
            "max": 0.0
        },
        {
            "current": 2901.214,
            "min": 0.0,
            "max": 0.0
        },
        {
            "current": 3212.589,
            "min": 0.0,
            "max": 0.0
        },
        {
            "current": 3600.15,
            "min": 0.0,
            "max": 0.0
        },
        {
            "current": 2784.885,
            "min": 0.0,
            "max": 0.0
        },
        {
            "current": 3598.837,
            "min": 0.0,
            "max": 0.0
        },
        {
            "current": 3000.0,
            "min": 0.0,
            "max": 0.0
        },
        {
            "current": 3599.984,
            "min": 0.0,
            "max": 0.0
        },
        {
            "current": 3000.0,
            "min": 0.0,
            "max": 0.0
        },
        {
            "current": 3599.987,
            "min": 0.0,
            "max": 0.0
        },
        {
            "current": 3599.983,
            "min": 0.0,
            "max": 0.0
        },
        {
            "current": 2797.169,
            "min": 0.0,
            "max": 0.0
        },
        {
            "current": 3597.142,
            "min": 0.0,
            "max": 0.0
        },
        {
            "current": 2796.914,
            "min": 0.0,
            "max": 0.0
        },
        {
            "current": 3599.999,
            "min": 0.0,
            "max": 0.0
        },
        {
            "current": 3600.004,
            "min": 0.0,
            "max": 0.0
        },
        {
            "current": 3599.987,
            "min": 0.0,
            "max": 0.0
        },
        {
            "current": 2949.198,
            "min": 0.0,
            "max": 0.0
        },
        {
            "current": 2920.316,
            "min": 0.0,
            "max": 0.0
        },
        {
            "current": 2827.556,
            "min": 0.0,
            "max": 0.0
        },
        {
            "current": 3000.0,
            "min": 0.0,
            "max": 0.0
        },
        {
            "current": 2796.717,
            "min": 0.0,
            "max": 0.0
        },
        {
            "current": 3599.986,
            "min": 0.0,
            "max": 0.0
        },
        {
            "current": 2827.59,
            "min": 0.0,
            "max": 0.0
        },
        {
            "current": 2937.87,
            "min": 0.0,
            "max": 0.0
        },
        {
            "current": 3000.0,
            "min": 0.0,
            "max": 0.0
        },
        {
            "current": 3000.0,
            "min": 0.0,
            "max": 0.0
        },
        {
            "current": 3600.047,
            "min": 0.0,
            "max": 0.0
        },
        {
            "current": 2920.509,
            "min": 0.0,
            "max": 0.0
        },
        {
            "current": 3602.424,
            "min": 0.0,
            "max": 0.0
        },
        {
            "current": 3599.244,
            "min": 0.0,
            "max": 0.0
        },
        {
            "current": 3599.999,
            "min": 0.0,
            "max": 0.0
        },
        {
            "current": 2920.238,
            "min": 0.0,
            "max": 0.0
        },
        {
            "current": 3599.398,
            "min": 0.0,
            "max": 0.0
        },
        {
            "current": 3579.469,
            "min": 0.0,
            "max": 0.0
        },
        {
            "current": 3000.0,
            "min": 0.0,
            "max": 0.0
        },
        {
            "current": 3599.986,
            "min": 0.0,
            "max": 0.0
        },
        {
            "current": 3000.0,
            "min": 0.0,
            "max": 0.0
        },
        {
            "current": 3600.002,
            "min": 0.0,
            "max": 0.0
        },
        {
            "current": 3600.926,
            "min": 0.0,
            "max": 0.0
        },
        {
            "current": 3600.162,
            "min": 0.0,
            "max": 0.0
        },
        {
            "current": 3600.11,
            "min": 0.0,
            "max": 0.0
        },
        {
            "current": 3000.0,
            "min": 0.0,
            "max": 0.0
        },
        {
            "current": 3600.0,
            "min": 0.0,
            "max": 0.0
        },
        {
            "current": 3603.812,
            "min": 0.0,
            "max": 0.0
        },
        {
            "current": 3600.02,
            "min": 0.0,
            "max": 0.0
        },
        {
            "current": 3000.0,
            "min": 0.0,
            "max": 0.0
        },
        {
            "current": 3599.997,
            "min": 0.0,
            "max": 0.0
        },
        {
            "current": 3604.321,
            "min": 0.0,
            "max": 0.0
        },
        {
            "current": 3592.614,
            "min": 0.0,
            "max": 0.0
        },
        {
            "current": 3599.981,
            "min": 0.0,
            "max": 0.0
        },
        {
            "current": 3599.996,
            "min": 0.0,
            "max": 0.0
        },
        {
            "current": 3000.0,
            "min": 0.0,
            "max": 0.0
        },
        {
            "current": 3600.011,
            "min": 0.0,
            "max": 0.0
        },
        {
            "current": 3000.0,
            "min": 0.0,
            "max": 0.0
        },
        {
            "current": 3599.998,
            "min": 0.0,
            "max": 0.0
        },
        {
            "current": 3599.997,
            "min": 0.0,
            "max": 0.0
        },
        {
            "current": 3600.01,
            "min": 0.0,
            "max": 0.0
        },
        {
            "current": 3599.764,
            "min": 0.0,
            "max": 0.0
        },
        {
            "current": 3600.038,
            "min": 0.0,
            "max": 0.0
        },
        {
            "current": 3600.014,
            "min": 0.0,
            "max": 0.0
        },
        {
            "current": 3600.024,
            "min": 0.0,
            "max": 0.0
        },
        {
            "current": 3000.0,
            "min": 0.0,
            "max": 0.0
        },
        {
            "current": 3000.0,
            "min": 0.0,
            "max": 0.0
        },
        {
            "current": 3599.998,
            "min": 0.0,
            "max": 0.0
        },
        {
            "current": 3599.997,
            "min": 0.0,
            "max": 0.0
        },
        {
            "current": 2784.726,
            "min": 0.0,
            "max": 0.0
        },
        {
            "current": 3599.741,
            "min": 0.0,
            "max": 0.0
        },
        {
            "current": 3599.988,
            "min": 0.0,
            "max": 0.0
        },
        {
            "current": 3599.995,
            "min": 0.0,
            "max": 0.0
        },
        {
            "current": 3600.001,
            "min": 0.0,
            "max": 0.0
        },
        {
            "current": 3600.005,
            "min": 0.0,
            "max": 0.0
        },
        {
            "current": 3600.0,
            "min": 0.0,
            "max": 0.0
        },
        {
            "current": 3600.764,
            "min": 0.0,
            "max": 0.0
        },
        {
            "current": 3599.997,
            "min": 0.0,
            "max": 0.0
        }
    ],
    "disk": {
        "/": {
            "total": 1786.9365043640137,
            "used": 345.4974136352539
        }
    },
    "gpu": "NVIDIA A100 80GB PCIe",
    "gpu_count": 1,
    "gpu_devices": [
        {
            "name": "NVIDIA A100 80GB PCIe",
            "memory_total": 85899345920
        }
    ],
    "memory": {
        "total": 1510.3569793701172
    }
}
