{
    "os": "Linux-6.6.9-200.fc39.x86_64-x86_64-with-glibc2.35",
    "python": "3.10.13",
    "heartbeatAt": "2024-08-08T17:40:31.480205",
    "startedAt": "2024-08-08T17:40:30.933483",
    "docker": null,
    "cuda": null,
    "args": [
        "--train_dataset_path=data_model/train_data.json",
        "--valid_dataset_path=data_model/val_data.json",
        "--precompute_dir=processed_data",
        "--batch_size=16",
        "--lr=0.000001",
        "--epochs=40",
        "--use_wandb=True",
        "--save_file=modify_blip"
    ],
    "state": "running",
    "program": "/home/jovyan/MSc_Project/synesthesia/audio/run_mod.py",
    "codePathLocal": "run_mod.py",
    "codePath": "audio/run_mod.py",
    "git": {
        "remote": "https://github.com/sudongtan/synesthesia.git",
        "commit": "f09d7a6bb9215d3c60c1e3d61d41a68352d56937"
    },
    "email": null,
    "root": "/home/jovyan/MSc_Project/synesthesia",
    "host": "jupyter-ec23691",
    "username": "jovyan",
    "executable": "/opt/conda/bin/python3",
    "cpu_count": 24,
    "cpu_count_logical": 48,
    "cpu_freq": {
        "current": 1578.1193124999998,
        "min": 0.0,
        "max": 0.0
    },
    "cpu_freq_per_core": [
        {
            "current": 800.0,
            "min": 0.0,
            "max": 0.0
        },
        {
            "current": 800.623,
            "min": 0.0,
            "max": 0.0
        },
        {
            "current": 800.251,
            "min": 0.0,
            "max": 0.0
        },
        {
            "current": 2100.0,
            "min": 0.0,
            "max": 0.0
        },
        {
            "current": 800.589,
            "min": 0.0,
            "max": 0.0
        },
        {
            "current": 2100.0,
            "min": 0.0,
            "max": 0.0
        },
        {
            "current": 800.334,
            "min": 0.0,
            "max": 0.0
        },
        {
            "current": 2100.0,
            "min": 0.0,
            "max": 0.0
        },
        {
            "current": 854.539,
            "min": 0.0,
            "max": 0.0
        },
        {
            "current": 2100.0,
            "min": 0.0,
            "max": 0.0
        },
        {
            "current": 2100.0,
            "min": 0.0,
            "max": 0.0
        },
        {
            "current": 2100.0,
            "min": 0.0,
            "max": 0.0
        },
        {
            "current": 2099.978,
            "min": 0.0,
            "max": 0.0
        },
        {
            "current": 2100.0,
            "min": 0.0,
            "max": 0.0
        },
        {
            "current": 2100.0,
            "min": 0.0,
            "max": 0.0
        },
        {
            "current": 2100.0,
            "min": 0.0,
            "max": 0.0
        },
        {
            "current": 2100.0,
            "min": 0.0,
            "max": 0.0
        },
        {
            "current": 2100.0,
            "min": 0.0,
            "max": 0.0
        },
        {
            "current": 2100.0,
            "min": 0.0,
            "max": 0.0
        },
        {
            "current": 2100.0,
            "min": 0.0,
            "max": 0.0
        },
        {
            "current": 2100.0,
            "min": 0.0,
            "max": 0.0
        },
        {
            "current": 2100.0,
            "min": 0.0,
            "max": 0.0
        },
        {
            "current": 800.33,
            "min": 0.0,
            "max": 0.0
        },
        {
            "current": 2100.0,
            "min": 0.0,
            "max": 0.0
        },
        {
            "current": 799.159,
            "min": 0.0,
            "max": 0.0
        },
        {
            "current": 2100.0,
            "min": 0.0,
            "max": 0.0
        },
        {
            "current": 800.892,
            "min": 0.0,
            "max": 0.0
        },
        {
            "current": 866.02,
            "min": 0.0,
            "max": 0.0
        },
        {
            "current": 799.417,
            "min": 0.0,
            "max": 0.0
        },
        {
            "current": 2100.0,
            "min": 0.0,
            "max": 0.0
        },
        {
            "current": 800.0,
            "min": 0.0,
            "max": 0.0
        },
        {
            "current": 800.358,
            "min": 0.0,
            "max": 0.0
        },
        {
            "current": 2100.0,
            "min": 0.0,
            "max": 0.0
        },
        {
            "current": 2100.0,
            "min": 0.0,
            "max": 0.0
        },
        {
            "current": 2100.0,
            "min": 0.0,
            "max": 0.0
        },
        {
            "current": 800.0,
            "min": 0.0,
            "max": 0.0
        },
        {
            "current": 2100.0,
            "min": 0.0,
            "max": 0.0
        },
        {
            "current": 2100.0,
            "min": 0.0,
            "max": 0.0
        },
        {
            "current": 912.315,
            "min": 0.0,
            "max": 0.0
        },
        {
            "current": 800.0,
            "min": 0.0,
            "max": 0.0
        },
        {
            "current": 2100.028,
            "min": 0.0,
            "max": 0.0
        },
        {
            "current": 2100.0,
            "min": 0.0,
            "max": 0.0
        },
        {
            "current": 1528.179,
            "min": 0.0,
            "max": 0.0
        },
        {
            "current": 799.929,
            "min": 0.0,
            "max": 0.0
        },
        {
            "current": 800.158,
            "min": 0.0,
            "max": 0.0
        },
        {
            "current": 2100.0,
            "min": 0.0,
            "max": 0.0
        },
        {
            "current": 800.329,
            "min": 0.0,
            "max": 0.0
        },
        {
            "current": 2100.0,
            "min": 0.0,
            "max": 0.0
        }
    ],
    "disk": {
        "/": {
            "total": 892.6865043640137,
            "used": 334.67937088012695
        }
    },
    "gpu": "NVIDIA A40",
    "gpu_count": 1,
    "gpu_devices": [
        {
            "name": "NVIDIA A40",
            "memory_total": 48305799168
        }
    ],
    "memory": {
        "total": 440.34650802612305
    }
}
