{
    "os": "Linux-6.6.9-200.fc39.x86_64-x86_64-with-glibc2.35",
    "python": "3.10.13",
    "heartbeatAt": "2024-08-13T09:27:46.895773",
    "startedAt": "2024-08-13T09:27:46.295147",
    "docker": null,
    "cuda": null,
    "args": [
        "--train_dataset_path=data_model/train_data.json",
        "--valid_dataset_path=data_model/val_data.json",
        "--batch_size=8",
        "--lr=0.0001",
        "--epochs=40",
        "--use_cfg=True",
        "--using_wandb=True",
        "--save_file=trial_falcon"
    ],
    "state": "running",
    "program": "/home/jovyan/MSc_Project/synesthesia/audio/run.py",
    "codePathLocal": "run.py",
    "codePath": "audio/run.py",
    "git": {
        "remote": "https://github.com/sudongtan/synesthesia.git",
        "commit": "f09d7a6bb9215d3c60c1e3d61d41a68352d56937"
    },
    "email": null,
    "root": "/home/jovyan/MSc_Project/synesthesia",
    "host": "jupyter-ec23691",
    "username": "jovyan",
    "executable": "/opt/conda/bin/python",
    "cpu_count": 24,
    "cpu_count_logical": 48,
    "cpu_freq": {
        "current": 1667.2793333333332,
        "min": 0.0,
        "max": 0.0
    },
    "cpu_freq_per_core": [
        {
            "current": 799.983,
            "min": 0.0,
            "max": 0.0
        },
        {
            "current": 2100.021,
            "min": 0.0,
            "max": 0.0
        },
        {
            "current": 2100.098,
            "min": 0.0,
            "max": 0.0
        },
        {
            "current": 2099.978,
            "min": 0.0,
            "max": 0.0
        },
        {
            "current": 2099.976,
            "min": 0.0,
            "max": 0.0
        },
        {
            "current": 2800.784,
            "min": 0.0,
            "max": 0.0
        },
        {
            "current": 1964.016,
            "min": 0.0,
            "max": 0.0
        },
        {
            "current": 2100.0,
            "min": 0.0,
            "max": 0.0
        },
        {
            "current": 2100.021,
            "min": 0.0,
            "max": 0.0
        },
        {
            "current": 1001.56,
            "min": 0.0,
            "max": 0.0
        },
        {
            "current": 1909.836,
            "min": 0.0,
            "max": 0.0
        },
        {
            "current": 800.666,
            "min": 0.0,
            "max": 0.0
        },
        {
            "current": 799.911,
            "min": 0.0,
            "max": 0.0
        },
        {
            "current": 800.7,
            "min": 0.0,
            "max": 0.0
        },
        {
            "current": 818.86,
            "min": 0.0,
            "max": 0.0
        },
        {
            "current": 2100.0,
            "min": 0.0,
            "max": 0.0
        },
        {
            "current": 1200.0,
            "min": 0.0,
            "max": 0.0
        },
        {
            "current": 800.116,
            "min": 0.0,
            "max": 0.0
        },
        {
            "current": 1007.375,
            "min": 0.0,
            "max": 0.0
        },
        {
            "current": 2100.0,
            "min": 0.0,
            "max": 0.0
        },
        {
            "current": 2100.0,
            "min": 0.0,
            "max": 0.0
        },
        {
            "current": 2100.0,
            "min": 0.0,
            "max": 0.0
        },
        {
            "current": 803.374,
            "min": 0.0,
            "max": 0.0
        },
        {
            "current": 2100.0,
            "min": 0.0,
            "max": 0.0
        },
        {
            "current": 800.008,
            "min": 0.0,
            "max": 0.0
        },
        {
            "current": 2100.0,
            "min": 0.0,
            "max": 0.0
        },
        {
            "current": 2100.0,
            "min": 0.0,
            "max": 0.0
        },
        {
            "current": 2100.0,
            "min": 0.0,
            "max": 0.0
        },
        {
            "current": 2100.0,
            "min": 0.0,
            "max": 0.0
        },
        {
            "current": 2961.766,
            "min": 0.0,
            "max": 0.0
        },
        {
            "current": 2007.469,
            "min": 0.0,
            "max": 0.0
        },
        {
            "current": 2099.978,
            "min": 0.0,
            "max": 0.0
        },
        {
            "current": 2101.021,
            "min": 0.0,
            "max": 0.0
        },
        {
            "current": 801.042,
            "min": 0.0,
            "max": 0.0
        },
        {
            "current": 1902.152,
            "min": 0.0,
            "max": 0.0
        },
        {
            "current": 799.991,
            "min": 0.0,
            "max": 0.0
        },
        {
            "current": 800.045,
            "min": 0.0,
            "max": 0.0
        },
        {
            "current": 2100.0,
            "min": 0.0,
            "max": 0.0
        },
        {
            "current": 960.381,
            "min": 0.0,
            "max": 0.0
        },
        {
            "current": 2100.189,
            "min": 0.0,
            "max": 0.0
        },
        {
            "current": 1199.896,
            "min": 0.0,
            "max": 0.0
        },
        {
            "current": 799.633,
            "min": 0.0,
            "max": 0.0
        },
        {
            "current": 1211.648,
            "min": 0.0,
            "max": 0.0
        },
        {
            "current": 2100.0,
            "min": 0.0,
            "max": 0.0
        },
        {
            "current": 2100.0,
            "min": 0.0,
            "max": 0.0
        },
        {
            "current": 2100.0,
            "min": 0.0,
            "max": 0.0
        },
        {
            "current": 800.08,
            "min": 0.0,
            "max": 0.0
        },
        {
            "current": 2099.978,
            "min": 0.0,
            "max": 0.0
        }
    ],
    "disk": {
        "/": {
            "total": 892.6865043640137,
            "used": 350.53849029541016
        }
    },
    "gpu": "NVIDIA A40",
    "gpu_count": 1,
    "gpu_devices": [
        {
            "name": "NVIDIA A40",
            "memory_total": 48305799168
        }
    ],
    "memory": {
        "total": 503.3464660644531
    }
}
