{
    "os": "Linux-6.6.9-200.fc39.x86_64-x86_64-with-glibc2.35",
    "python": "3.10.13",
    "heartbeatAt": "2024-08-12T22:36:53.888628",
    "startedAt": "2024-08-12T22:36:53.321559",
    "docker": null,
    "cuda": null,
    "args": [
        "--train_dataset_path=data_model/train_data.json",
        "--valid_dataset_path=data_model/val_data.json",
        "--batch_size=16",
        "--lr=0.0001",
        "--epochs=40",
        "--using_wandb=True",
        "--use_cfg=True",
        "--save_file=trial_falcon"
    ],
    "state": "running",
    "program": "/home/jovyan/MSc_Project/synesthesia/audio/run.py",
    "codePathLocal": "run.py",
    "codePath": "audio/run.py",
    "git": {
        "remote": "https://github.com/sudongtan/synesthesia.git",
        "commit": "f09d7a6bb9215d3c60c1e3d61d41a68352d56937"
    },
    "email": null,
    "root": "/home/jovyan/MSc_Project/synesthesia",
    "host": "jupyter-ec23691",
    "username": "jovyan",
    "executable": "/opt/conda/bin/python3",
    "cpu_count": 24,
    "cpu_count_logical": 48,
    "cpu_freq": {
        "current": 1196.2159583333334,
        "min": 0.0,
        "max": 0.0
    },
    "cpu_freq_per_core": [
        {
            "current": 800.112,
            "min": 0.0,
            "max": 0.0
        },
        {
            "current": 800.298,
            "min": 0.0,
            "max": 0.0
        },
        {
            "current": 800.288,
            "min": 0.0,
            "max": 0.0
        },
        {
            "current": 800.305,
            "min": 0.0,
            "max": 0.0
        },
        {
            "current": 800.0,
            "min": 0.0,
            "max": 0.0
        },
        {
            "current": 1514.412,
            "min": 0.0,
            "max": 0.0
        },
        {
            "current": 800.238,
            "min": 0.0,
            "max": 0.0
        },
        {
            "current": 800.0,
            "min": 0.0,
            "max": 0.0
        },
        {
            "current": 800.082,
            "min": 0.0,
            "max": 0.0
        },
        {
            "current": 2100.0,
            "min": 0.0,
            "max": 0.0
        },
        {
            "current": 800.175,
            "min": 0.0,
            "max": 0.0
        },
        {
            "current": 2100.0,
            "min": 0.0,
            "max": 0.0
        },
        {
            "current": 800.024,
            "min": 0.0,
            "max": 0.0
        },
        {
            "current": 800.506,
            "min": 0.0,
            "max": 0.0
        },
        {
            "current": 800.212,
            "min": 0.0,
            "max": 0.0
        },
        {
            "current": 2100.0,
            "min": 0.0,
            "max": 0.0
        },
        {
            "current": 2100.0,
            "min": 0.0,
            "max": 0.0
        },
        {
            "current": 800.0,
            "min": 0.0,
            "max": 0.0
        },
        {
            "current": 800.305,
            "min": 0.0,
            "max": 0.0
        },
        {
            "current": 2100.0,
            "min": 0.0,
            "max": 0.0
        },
        {
            "current": 800.316,
            "min": 0.0,
            "max": 0.0
        },
        {
            "current": 800.381,
            "min": 0.0,
            "max": 0.0
        },
        {
            "current": 800.393,
            "min": 0.0,
            "max": 0.0
        },
        {
            "current": 800.324,
            "min": 0.0,
            "max": 0.0
        },
        {
            "current": 799.838,
            "min": 0.0,
            "max": 0.0
        },
        {
            "current": 2100.0,
            "min": 0.0,
            "max": 0.0
        },
        {
            "current": 2100.0,
            "min": 0.0,
            "max": 0.0
        },
        {
            "current": 799.299,
            "min": 0.0,
            "max": 0.0
        },
        {
            "current": 800.345,
            "min": 0.0,
            "max": 0.0
        },
        {
            "current": 1300.0,
            "min": 0.0,
            "max": 0.0
        },
        {
            "current": 800.928,
            "min": 0.0,
            "max": 0.0
        },
        {
            "current": 800.522,
            "min": 0.0,
            "max": 0.0
        },
        {
            "current": 2100.0,
            "min": 0.0,
            "max": 0.0
        },
        {
            "current": 2100.0,
            "min": 0.0,
            "max": 0.0
        },
        {
            "current": 800.124,
            "min": 0.0,
            "max": 0.0
        },
        {
            "current": 800.993,
            "min": 0.0,
            "max": 0.0
        },
        {
            "current": 800.498,
            "min": 0.0,
            "max": 0.0
        },
        {
            "current": 2100.0,
            "min": 0.0,
            "max": 0.0
        },
        {
            "current": 2100.0,
            "min": 0.0,
            "max": 0.0
        },
        {
            "current": 2100.0,
            "min": 0.0,
            "max": 0.0
        },
        {
            "current": 800.129,
            "min": 0.0,
            "max": 0.0
        },
        {
            "current": 800.095,
            "min": 0.0,
            "max": 0.0
        },
        {
            "current": 2100.0,
            "min": 0.0,
            "max": 0.0
        },
        {
            "current": 811.657,
            "min": 0.0,
            "max": 0.0
        },
        {
            "current": 800.297,
            "min": 0.0,
            "max": 0.0
        },
        {
            "current": 800.0,
            "min": 0.0,
            "max": 0.0
        },
        {
            "current": 800.842,
            "min": 0.0,
            "max": 0.0
        },
        {
            "current": 2100.0,
            "min": 0.0,
            "max": 0.0
        }
    ],
    "disk": {
        "/": {
            "total": 892.6865043640137,
            "used": 708.7373313903809
        }
    },
    "gpu": "NVIDIA A40",
    "gpu_count": 1,
    "gpu_devices": [
        {
            "name": "NVIDIA A40",
            "memory_total": 48305799168
        }
    ],
    "memory": {
        "total": 503.3464698791504
    }
}
