{
    "os": "Linux-6.6.9-200.fc39.x86_64-x86_64-with-glibc2.35",
    "python": "3.10.13",
    "heartbeatAt": "2024-08-09T15:55:24.335461",
    "startedAt": "2024-08-09T15:55:23.784533",
    "docker": null,
    "cuda": null,
    "args": [
        "--train_dataset_path=data_model/train_data.json",
        "--valid_dataset_path=data_model/val_data.json",
        "--precompute_dir=processed_data",
        "--batch_size=16",
        "--lr=0.000001",
        "--epochs=40",
        "--use_wandb=True",
        "--save_file=modify_blip"
    ],
    "state": "running",
    "program": "/home/jovyan/MSc_Project/synesthesia/audio/run_mod.py",
    "codePathLocal": "run_mod.py",
    "codePath": "audio/run_mod.py",
    "git": {
        "remote": "https://github.com/sudongtan/synesthesia.git",
        "commit": "f09d7a6bb9215d3c60c1e3d61d41a68352d56937"
    },
    "email": null,
    "root": "/home/jovyan/MSc_Project/synesthesia",
    "host": "jupyter-ec23691",
    "username": "jovyan",
    "executable": "/opt/conda/bin/python3",
    "cpu_count": 24,
    "cpu_count_logical": 48,
    "cpu_freq": {
        "current": 1368.6069375000006,
        "min": 0.0,
        "max": 0.0
    },
    "cpu_freq_per_core": [
        {
            "current": 1388.191,
            "min": 0.0,
            "max": 0.0
        },
        {
            "current": 799.974,
            "min": 0.0,
            "max": 0.0
        },
        {
            "current": 799.992,
            "min": 0.0,
            "max": 0.0
        },
        {
            "current": 1715.359,
            "min": 0.0,
            "max": 0.0
        },
        {
            "current": 1569.256,
            "min": 0.0,
            "max": 0.0
        },
        {
            "current": 2100.0,
            "min": 0.0,
            "max": 0.0
        },
        {
            "current": 2100.0,
            "min": 0.0,
            "max": 0.0
        },
        {
            "current": 1600.016,
            "min": 0.0,
            "max": 0.0
        },
        {
            "current": 1695.282,
            "min": 0.0,
            "max": 0.0
        },
        {
            "current": 800.0,
            "min": 0.0,
            "max": 0.0
        },
        {
            "current": 2000.849,
            "min": 0.0,
            "max": 0.0
        },
        {
            "current": 1912.583,
            "min": 0.0,
            "max": 0.0
        },
        {
            "current": 1864.756,
            "min": 0.0,
            "max": 0.0
        },
        {
            "current": 800.0,
            "min": 0.0,
            "max": 0.0
        },
        {
            "current": 2100.064,
            "min": 0.0,
            "max": 0.0
        },
        {
            "current": 800.0,
            "min": 0.0,
            "max": 0.0
        },
        {
            "current": 1201.311,
            "min": 0.0,
            "max": 0.0
        },
        {
            "current": 1800.0,
            "min": 0.0,
            "max": 0.0
        },
        {
            "current": 899.981,
            "min": 0.0,
            "max": 0.0
        },
        {
            "current": 799.553,
            "min": 0.0,
            "max": 0.0
        },
        {
            "current": 799.992,
            "min": 0.0,
            "max": 0.0
        },
        {
            "current": 1800.0,
            "min": 0.0,
            "max": 0.0
        },
        {
            "current": 2097.906,
            "min": 0.0,
            "max": 0.0
        },
        {
            "current": 2100.0,
            "min": 0.0,
            "max": 0.0
        },
        {
            "current": 1157.454,
            "min": 0.0,
            "max": 0.0
        },
        {
            "current": 1799.981,
            "min": 0.0,
            "max": 0.0
        },
        {
            "current": 871.428,
            "min": 0.0,
            "max": 0.0
        },
        {
            "current": 1799.981,
            "min": 0.0,
            "max": 0.0
        },
        {
            "current": 1200.0,
            "min": 0.0,
            "max": 0.0
        },
        {
            "current": 1799.981,
            "min": 0.0,
            "max": 0.0
        },
        {
            "current": 2100.0,
            "min": 0.0,
            "max": 0.0
        },
        {
            "current": 872.814,
            "min": 0.0,
            "max": 0.0
        },
        {
            "current": 1643.189,
            "min": 0.0,
            "max": 0.0
        },
        {
            "current": 800.016,
            "min": 0.0,
            "max": 0.0
        },
        {
            "current": 2100.021,
            "min": 0.0,
            "max": 0.0
        },
        {
            "current": 1599.983,
            "min": 0.0,
            "max": 0.0
        },
        {
            "current": 800.008,
            "min": 0.0,
            "max": 0.0
        },
        {
            "current": 2100.0,
            "min": 0.0,
            "max": 0.0
        },
        {
            "current": 2098.673,
            "min": 0.0,
            "max": 0.0
        },
        {
            "current": 1600.016,
            "min": 0.0,
            "max": 0.0
        },
        {
            "current": 1696.972,
            "min": 0.0,
            "max": 0.0
        },
        {
            "current": 2100.0,
            "min": 0.0,
            "max": 0.0
        },
        {
            "current": 1600.0,
            "min": 0.0,
            "max": 0.0
        },
        {
            "current": 1600.016,
            "min": 0.0,
            "max": 0.0
        },
        {
            "current": 799.803,
            "min": 0.0,
            "max": 0.0
        },
        {
            "current": 2100.0,
            "min": 0.0,
            "max": 0.0
        },
        {
            "current": 2100.0,
            "min": 0.0,
            "max": 0.0
        },
        {
            "current": 2100.0,
            "min": 0.0,
            "max": 0.0
        }
    ],
    "disk": {
        "/": {
            "total": 892.6865043640137,
            "used": 338.36855697631836
        }
    },
    "gpu": "NVIDIA A40",
    "gpu_count": 1,
    "gpu_devices": [
        {
            "name": "NVIDIA A40",
            "memory_total": 48305799168
        }
    ],
    "memory": {
        "total": 503.3464584350586
    }
}
