{
    "os": "Linux-6.6.9-200.fc39.x86_64-x86_64-with-glibc2.35",
    "python": "3.10.13",
    "heartbeatAt": "2024-07-31T19:37:21.891554",
    "startedAt": "2024-07-31T19:37:21.492720",
    "docker": null,
    "cuda": null,
    "args": [
        "--train_dataset_path=data_model/train_data.json",
        "--valid_dataset_path=data_model/val_data.json",
        "--batch_size=16",
        "--lr=0.000001",
        "--epochs=40",
        "--use_wandb=True",
        "--save_file=lm_falcon"
    ],
    "state": "running",
    "program": "/home/jovyan/MSc_Project/synesthesia/audio/run.py",
    "codePathLocal": "run.py",
    "codePath": "audio/run.py",
    "git": {
        "remote": "https://github.com/sudongtan/synesthesia.git",
        "commit": "f09d7a6bb9215d3c60c1e3d61d41a68352d56937"
    },
    "email": null,
    "root": "/home/jovyan/MSc_Project/synesthesia",
    "host": "jupyter-ec23691",
    "username": "jovyan",
    "executable": "/opt/conda/bin/python3",
    "cpu_count": 48,
    "cpu_count_logical": 96,
    "cpu_freq": {
        "current": 3134.0640312499995,
        "min": 0.0,
        "max": 0.0
    },
    "cpu_freq_per_core": [
        {
            "current": 3600.026,
            "min": 0.0,
            "max": 0.0
        },
        {
            "current": 3000.0,
            "min": 0.0,
            "max": 0.0
        },
        {
            "current": 3600.146,
            "min": 0.0,
            "max": 0.0
        },
        {
            "current": 3601.174,
            "min": 0.0,
            "max": 0.0
        },
        {
            "current": 3599.567,
            "min": 0.0,
            "max": 0.0
        },
        {
            "current": 3000.0,
            "min": 0.0,
            "max": 0.0
        },
        {
            "current": 3000.0,
            "min": 0.0,
            "max": 0.0
        },
        {
            "current": 3000.0,
            "min": 0.0,
            "max": 0.0
        },
        {
            "current": 3000.0,
            "min": 0.0,
            "max": 0.0
        },
        {
            "current": 3153.792,
            "min": 0.0,
            "max": 0.0
        },
        {
            "current": 3000.0,
            "min": 0.0,
            "max": 0.0
        },
        {
            "current": 3000.0,
            "min": 0.0,
            "max": 0.0
        },
        {
            "current": 3000.0,
            "min": 0.0,
            "max": 0.0
        },
        {
            "current": 2079.94,
            "min": 0.0,
            "max": 0.0
        },
        {
            "current": 3599.994,
            "min": 0.0,
            "max": 0.0
        },
        {
            "current": 3000.0,
            "min": 0.0,
            "max": 0.0
        },
        {
            "current": 3601.567,
            "min": 0.0,
            "max": 0.0
        },
        {
            "current": 3000.0,
            "min": 0.0,
            "max": 0.0
        },
        {
            "current": 3600.78,
            "min": 0.0,
            "max": 0.0
        },
        {
            "current": 3000.0,
            "min": 0.0,
            "max": 0.0
        },
        {
            "current": 3000.0,
            "min": 0.0,
            "max": 0.0
        },
        {
            "current": 3000.0,
            "min": 0.0,
            "max": 0.0
        },
        {
            "current": 3000.0,
            "min": 0.0,
            "max": 0.0
        },
        {
            "current": 3000.0,
            "min": 0.0,
            "max": 0.0
        },
        {
            "current": 3000.0,
            "min": 0.0,
            "max": 0.0
        },
        {
            "current": 3596.948,
            "min": 0.0,
            "max": 0.0
        },
        {
            "current": 3000.0,
            "min": 0.0,
            "max": 0.0
        },
        {
            "current": 2673.229,
            "min": 0.0,
            "max": 0.0
        },
        {
            "current": 3000.0,
            "min": 0.0,
            "max": 0.0
        },
        {
            "current": 3599.131,
            "min": 0.0,
            "max": 0.0
        },
        {
            "current": 3000.0,
            "min": 0.0,
            "max": 0.0
        },
        {
            "current": 3000.0,
            "min": 0.0,
            "max": 0.0
        },
        {
            "current": 3599.968,
            "min": 0.0,
            "max": 0.0
        },
        {
            "current": 3599.594,
            "min": 0.0,
            "max": 0.0
        },
        {
            "current": 3600.529,
            "min": 0.0,
            "max": 0.0
        },
        {
            "current": 3000.0,
            "min": 0.0,
            "max": 0.0
        },
        {
            "current": 3000.0,
            "min": 0.0,
            "max": 0.0
        },
        {
            "current": 3598.148,
            "min": 0.0,
            "max": 0.0
        },
        {
            "current": 3000.0,
            "min": 0.0,
            "max": 0.0
        },
        {
            "current": 3000.0,
            "min": 0.0,
            "max": 0.0
        },
        {
            "current": 3000.0,
            "min": 0.0,
            "max": 0.0
        },
        {
            "current": 3596.875,
            "min": 0.0,
            "max": 0.0
        },
        {
            "current": 3600.053,
            "min": 0.0,
            "max": 0.0
        },
        {
            "current": 3000.0,
            "min": 0.0,
            "max": 0.0
        },
        {
            "current": 3000.0,
            "min": 0.0,
            "max": 0.0
        },
        {
            "current": 3000.0,
            "min": 0.0,
            "max": 0.0
        },
        {
            "current": 3000.0,
            "min": 0.0,
            "max": 0.0
        },
        {
            "current": 3000.0,
            "min": 0.0,
            "max": 0.0
        },
        {
            "current": 3599.983,
            "min": 0.0,
            "max": 0.0
        },
        {
            "current": 3000.0,
            "min": 0.0,
            "max": 0.0
        },
        {
            "current": 3000.0,
            "min": 0.0,
            "max": 0.0
        },
        {
            "current": 3000.0,
            "min": 0.0,
            "max": 0.0
        },
        {
            "current": 3000.0,
            "min": 0.0,
            "max": 0.0
        },
        {
            "current": 3340.147,
            "min": 0.0,
            "max": 0.0
        },
        {
            "current": 3000.0,
            "min": 0.0,
            "max": 0.0
        },
        {
            "current": 1620.113,
            "min": 0.0,
            "max": 0.0
        },
        {
            "current": 3000.0,
            "min": 0.0,
            "max": 0.0
        },
        {
            "current": 3000.0,
            "min": 0.0,
            "max": 0.0
        },
        {
            "current": 3600.0,
            "min": 0.0,
            "max": 0.0
        },
        {
            "current": 3000.0,
            "min": 0.0,
            "max": 0.0
        },
        {
            "current": 3599.813,
            "min": 0.0,
            "max": 0.0
        },
        {
            "current": 3000.0,
            "min": 0.0,
            "max": 0.0
        },
        {
            "current": 3000.0,
            "min": 0.0,
            "max": 0.0
        },
        {
            "current": 3000.0,
            "min": 0.0,
            "max": 0.0
        },
        {
            "current": 3000.0,
            "min": 0.0,
            "max": 0.0
        },
        {
            "current": 3599.942,
            "min": 0.0,
            "max": 0.0
        },
        {
            "current": 3000.0,
            "min": 0.0,
            "max": 0.0
        },
        {
            "current": 3000.0,
            "min": 0.0,
            "max": 0.0
        },
        {
            "current": 3600.369,
            "min": 0.0,
            "max": 0.0
        },
        {
            "current": 3600.008,
            "min": 0.0,
            "max": 0.0
        },
        {
            "current": 3000.0,
            "min": 0.0,
            "max": 0.0
        },
        {
            "current": 3000.0,
            "min": 0.0,
            "max": 0.0
        },
        {
            "current": 3000.0,
            "min": 0.0,
            "max": 0.0
        },
        {
            "current": 3000.0,
            "min": 0.0,
            "max": 0.0
        },
        {
            "current": 3000.0,
            "min": 0.0,
            "max": 0.0
        },
        {
            "current": 3000.0,
            "min": 0.0,
            "max": 0.0
        },
        {
            "current": 3000.0,
            "min": 0.0,
            "max": 0.0
        },
        {
            "current": 3000.0,
            "min": 0.0,
            "max": 0.0
        },
        {
            "current": 3000.0,
            "min": 0.0,
            "max": 0.0
        },
        {
            "current": 3000.0,
            "min": 0.0,
            "max": 0.0
        },
        {
            "current": 3000.0,
            "min": 0.0,
            "max": 0.0
        },
        {
            "current": 3000.0,
            "min": 0.0,
            "max": 0.0
        },
        {
            "current": 3000.0,
            "min": 0.0,
            "max": 0.0
        },
        {
            "current": 3600.921,
            "min": 0.0,
            "max": 0.0
        },
        {
            "current": 3000.0,
            "min": 0.0,
            "max": 0.0
        },
        {
            "current": 3000.0,
            "min": 0.0,
            "max": 0.0
        },
        {
            "current": 3599.958,
            "min": 0.0,
            "max": 0.0
        },
        {
            "current": 3000.0,
            "min": 0.0,
            "max": 0.0
        },
        {
            "current": 3000.0,
            "min": 0.0,
            "max": 0.0
        },
        {
            "current": 3000.0,
            "min": 0.0,
            "max": 0.0
        },
        {
            "current": 3000.0,
            "min": 0.0,
            "max": 0.0
        },
        {
            "current": 3000.0,
            "min": 0.0,
            "max": 0.0
        },
        {
            "current": 3600.326,
            "min": 0.0,
            "max": 0.0
        },
        {
            "current": 3604.056,
            "min": 0.0,
            "max": 0.0
        },
        {
            "current": 3000.0,
            "min": 0.0,
            "max": 0.0
        },
        {
            "current": 3000.0,
            "min": 0.0,
            "max": 0.0
        }
    ],
    "disk": {
        "/": {
            "total": 1786.9365043640137,
            "used": 340.2640838623047
        }
    },
    "gpu": "NVIDIA A100 80GB PCIe",
    "gpu_count": 1,
    "gpu_devices": [
        {
            "name": "NVIDIA A100 80GB PCIe",
            "memory_total": 85899345920
        }
    ],
    "memory": {
        "total": 1510.3569793701172
    }
}
