{
    "os": "Linux-6.6.9-200.fc39.x86_64-x86_64-with-glibc2.35",
    "python": "3.10.13",
    "heartbeatAt": "2024-07-24T01:50:50.504377",
    "startedAt": "2024-07-24T01:50:49.929229",
    "docker": null,
    "cuda": null,
    "args": [
        "--dataset",
        "data_model",
        "--batch_size=16",
        "--lr=0.0001",
        "--epochs=40",
        "--use_wandb=True",
        "--save_file=lm_falcon"
    ],
    "state": "running",
    "program": "/home/jovyan/MSc_Project/synesthesia/audio/run.py",
    "codePathLocal": "run.py",
    "codePath": "audio/run.py",
    "git": {
        "remote": "https://github.com/sudongtan/synesthesia.git",
        "commit": "f09d7a6bb9215d3c60c1e3d61d41a68352d56937"
    },
    "email": null,
    "root": "/home/jovyan/MSc_Project/synesthesia",
    "host": "jupyter-ec23691",
    "username": "jovyan",
    "executable": "/opt/conda/bin/python3",
    "cpu_count": 24,
    "cpu_count_logical": 48,
    "cpu_freq": {
        "current": 1037.8625833333333,
        "min": 0.0,
        "max": 0.0
    },
    "cpu_freq_per_core": [
        {
            "current": 800.988,
            "min": 0.0,
            "max": 0.0
        },
        {
            "current": 1501.085,
            "min": 0.0,
            "max": 0.0
        },
        {
            "current": 2097.645,
            "min": 0.0,
            "max": 0.0
        },
        {
            "current": 2100.0,
            "min": 0.0,
            "max": 0.0
        },
        {
            "current": 800.254,
            "min": 0.0,
            "max": 0.0
        },
        {
            "current": 800.304,
            "min": 0.0,
            "max": 0.0
        },
        {
            "current": 2100.0,
            "min": 0.0,
            "max": 0.0
        },
        {
            "current": 799.798,
            "min": 0.0,
            "max": 0.0
        },
        {
            "current": 800.0,
            "min": 0.0,
            "max": 0.0
        },
        {
            "current": 800.616,
            "min": 0.0,
            "max": 0.0
        },
        {
            "current": 800.563,
            "min": 0.0,
            "max": 0.0
        },
        {
            "current": 800.0,
            "min": 0.0,
            "max": 0.0
        },
        {
            "current": 2100.0,
            "min": 0.0,
            "max": 0.0
        },
        {
            "current": 2100.0,
            "min": 0.0,
            "max": 0.0
        },
        {
            "current": 800.0,
            "min": 0.0,
            "max": 0.0
        },
        {
            "current": 1798.274,
            "min": 0.0,
            "max": 0.0
        },
        {
            "current": 2100.0,
            "min": 0.0,
            "max": 0.0
        },
        {
            "current": 799.943,
            "min": 0.0,
            "max": 0.0
        },
        {
            "current": 2100.967,
            "min": 0.0,
            "max": 0.0
        },
        {
            "current": 800.0,
            "min": 0.0,
            "max": 0.0
        },
        {
            "current": 800.0,
            "min": 0.0,
            "max": 0.0
        },
        {
            "current": 922.612,
            "min": 0.0,
            "max": 0.0
        },
        {
            "current": 800.594,
            "min": 0.0,
            "max": 0.0
        },
        {
            "current": 799.402,
            "min": 0.0,
            "max": 0.0
        },
        {
            "current": 2100.0,
            "min": 0.0,
            "max": 0.0
        },
        {
            "current": 1500.0,
            "min": 0.0,
            "max": 0.0
        },
        {
            "current": 2100.021,
            "min": 0.0,
            "max": 0.0
        },
        {
            "current": 2097.773,
            "min": 0.0,
            "max": 0.0
        },
        {
            "current": 2100.0,
            "min": 0.0,
            "max": 0.0
        },
        {
            "current": 800.0,
            "min": 0.0,
            "max": 0.0
        },
        {
            "current": 800.119,
            "min": 0.0,
            "max": 0.0
        },
        {
            "current": 799.803,
            "min": 0.0,
            "max": 0.0
        },
        {
            "current": 799.828,
            "min": 0.0,
            "max": 0.0
        },
        {
            "current": 800.448,
            "min": 0.0,
            "max": 0.0
        },
        {
            "current": 800.0,
            "min": 0.0,
            "max": 0.0
        },
        {
            "current": 818.117,
            "min": 0.0,
            "max": 0.0
        },
        {
            "current": 800.0,
            "min": 0.0,
            "max": 0.0
        },
        {
            "current": 799.447,
            "min": 0.0,
            "max": 0.0
        },
        {
            "current": 800.385,
            "min": 0.0,
            "max": 0.0
        },
        {
            "current": 1800.0,
            "min": 0.0,
            "max": 0.0
        },
        {
            "current": 800.398,
            "min": 0.0,
            "max": 0.0
        },
        {
            "current": 2100.021,
            "min": 0.0,
            "max": 0.0
        },
        {
            "current": 2100.0,
            "min": 0.0,
            "max": 0.0
        },
        {
            "current": 800.47,
            "min": 0.0,
            "max": 0.0
        },
        {
            "current": 800.552,
            "min": 0.0,
            "max": 0.0
        },
        {
            "current": 800.235,
            "min": 0.0,
            "max": 0.0
        },
        {
            "current": 2100.0,
            "min": 0.0,
            "max": 0.0
        },
        {
            "current": 800.399,
            "min": 0.0,
            "max": 0.0
        }
    ],
    "disk": {
        "/": {
            "total": 892.6865043640137,
            "used": 430.2244338989258
        }
    },
    "gpu": "NVIDIA A40",
    "gpu_count": 1,
    "gpu_devices": [
        {
            "name": "NVIDIA A40",
            "memory_total": 48305799168
        }
    ],
    "memory": {
        "total": 503.3464469909668
    }
}
