{
    "os": "Linux-6.6.9-200.fc39.x86_64-x86_64-with-glibc2.35",
    "python": "3.10.13",
    "heartbeatAt": "2024-08-13T11:18:24.777483",
    "startedAt": "2024-08-13T11:18:24.258840",
    "docker": null,
    "cuda": null,
    "args": [
        "--train_dataset_path=data_model/train_data.json",
        "--valid_dataset_path=data_model/val_data.json",
        "--batch_size=8",
        "--lr=0.0001",
        "--epochs=40",
        "--use_cfg=True",
        "--using_wandb=True",
        "--save_file=trial_falcon"
    ],
    "state": "running",
    "program": "/home/jovyan/MSc_Project/synesthesia/audio/run.py",
    "codePathLocal": "run.py",
    "codePath": "audio/run.py",
    "git": {
        "remote": "https://github.com/sudongtan/synesthesia.git",
        "commit": "f09d7a6bb9215d3c60c1e3d61d41a68352d56937"
    },
    "email": null,
    "root": "/home/jovyan/MSc_Project/synesthesia",
    "host": "jupyter-ec23691",
    "username": "jovyan",
    "executable": "/opt/conda/bin/python",
    "cpu_count": 24,
    "cpu_count_logical": 48,
    "cpu_freq": {
        "current": 1518.5716041666667,
        "min": 0.0,
        "max": 0.0
    },
    "cpu_freq_per_core": [
        {
            "current": 1400.258,
            "min": 0.0,
            "max": 0.0
        },
        {
            "current": 1737.655,
            "min": 0.0,
            "max": 0.0
        },
        {
            "current": 799.943,
            "min": 0.0,
            "max": 0.0
        },
        {
            "current": 2800.0,
            "min": 0.0,
            "max": 0.0
        },
        {
            "current": 798.667,
            "min": 0.0,
            "max": 0.0
        },
        {
            "current": 1600.0,
            "min": 0.0,
            "max": 0.0
        },
        {
            "current": 1915.343,
            "min": 0.0,
            "max": 0.0
        },
        {
            "current": 1400.0,
            "min": 0.0,
            "max": 0.0
        },
        {
            "current": 2100.0,
            "min": 0.0,
            "max": 0.0
        },
        {
            "current": 2097.297,
            "min": 0.0,
            "max": 0.0
        },
        {
            "current": 1601.062,
            "min": 0.0,
            "max": 0.0
        },
        {
            "current": 2100.0,
            "min": 0.0,
            "max": 0.0
        },
        {
            "current": 1218.273,
            "min": 0.0,
            "max": 0.0
        },
        {
            "current": 1000.399,
            "min": 0.0,
            "max": 0.0
        },
        {
            "current": 2096.416,
            "min": 0.0,
            "max": 0.0
        },
        {
            "current": 1299.987,
            "min": 0.0,
            "max": 0.0
        },
        {
            "current": 2100.0,
            "min": 0.0,
            "max": 0.0
        },
        {
            "current": 1300.0,
            "min": 0.0,
            "max": 0.0
        },
        {
            "current": 1400.0,
            "min": 0.0,
            "max": 0.0
        },
        {
            "current": 1400.0,
            "min": 0.0,
            "max": 0.0
        },
        {
            "current": 1663.452,
            "min": 0.0,
            "max": 0.0
        },
        {
            "current": 1500.0,
            "min": 0.0,
            "max": 0.0
        },
        {
            "current": 1250.541,
            "min": 0.0,
            "max": 0.0
        },
        {
            "current": 2100.0,
            "min": 0.0,
            "max": 0.0
        },
        {
            "current": 1083.116,
            "min": 0.0,
            "max": 0.0
        },
        {
            "current": 1500.519,
            "min": 0.0,
            "max": 0.0
        },
        {
            "current": 800.0,
            "min": 0.0,
            "max": 0.0
        },
        {
            "current": 1200.0,
            "min": 0.0,
            "max": 0.0
        },
        {
            "current": 800.797,
            "min": 0.0,
            "max": 0.0
        },
        {
            "current": 1500.281,
            "min": 0.0,
            "max": 0.0
        },
        {
            "current": 2103.703,
            "min": 0.0,
            "max": 0.0
        },
        {
            "current": 1400.0,
            "min": 0.0,
            "max": 0.0
        },
        {
            "current": 2100.0,
            "min": 0.0,
            "max": 0.0
        },
        {
            "current": 1300.0,
            "min": 0.0,
            "max": 0.0
        },
        {
            "current": 1506.021,
            "min": 0.0,
            "max": 0.0
        },
        {
            "current": 2097.916,
            "min": 0.0,
            "max": 0.0
        },
        {
            "current": 1800.0,
            "min": 0.0,
            "max": 0.0
        },
        {
            "current": 1500.0,
            "min": 0.0,
            "max": 0.0
        },
        {
            "current": 904.693,
            "min": 0.0,
            "max": 0.0
        },
        {
            "current": 1600.0,
            "min": 0.0,
            "max": 0.0
        },
        {
            "current": 2103.626,
            "min": 0.0,
            "max": 0.0
        },
        {
            "current": 1300.026,
            "min": 0.0,
            "max": 0.0
        },
        {
            "current": 1399.369,
            "min": 0.0,
            "max": 0.0
        },
        {
            "current": 1105.389,
            "min": 0.0,
            "max": 0.0
        },
        {
            "current": 1323.808,
            "min": 0.0,
            "max": 0.0
        },
        {
            "current": 800.0,
            "min": 0.0,
            "max": 0.0
        },
        {
            "current": 2100.0,
            "min": 0.0,
            "max": 0.0
        },
        {
            "current": 2100.0,
            "min": 0.0,
            "max": 0.0
        }
    ],
    "disk": {
        "/": {
            "total": 892.6865043640137,
            "used": 356.22087478637695
        }
    },
    "gpu": "NVIDIA A40",
    "gpu_count": 1,
    "gpu_devices": [
        {
            "name": "NVIDIA A40",
            "memory_total": 48305799168
        }
    ],
    "memory": {
        "total": 503.3464660644531
    }
}
