{
    "os": "Linux-6.6.9-200.fc39.x86_64-x86_64-with-glibc2.35",
    "python": "3.10.13",
    "heartbeatAt": "2024-08-12T20:14:54.743876",
    "startedAt": "2024-08-12T20:14:54.163424",
    "docker": null,
    "cuda": null,
    "args": [
        "--train_dataset_path=data_model/train_data.json",
        "--valid_dataset_path=data_model/val_data.json",
        "--batch_size=16",
        "--lr=0.0001",
        "--epochs=40",
        "--use_cfg=True",
        "--using_wandb=True",
        "--save_file=trial_falcon"
    ],
    "state": "running",
    "program": "/home/jovyan/MSc_Project/synesthesia/audio/run.py",
    "codePathLocal": "run.py",
    "codePath": "audio/run.py",
    "git": {
        "remote": "https://github.com/sudongtan/synesthesia.git",
        "commit": "f09d7a6bb9215d3c60c1e3d61d41a68352d56937"
    },
    "email": null,
    "root": "/home/jovyan/MSc_Project/synesthesia",
    "host": "jupyter-ec23691",
    "username": "jovyan",
    "executable": "/opt/conda/bin/python",
    "cpu_count": 24,
    "cpu_count_logical": 48,
    "cpu_freq": {
        "current": 1540.8224375000002,
        "min": 0.0,
        "max": 0.0
    },
    "cpu_freq_per_core": [
        {
            "current": 1600.496,
            "min": 0.0,
            "max": 0.0
        },
        {
            "current": 1433.966,
            "min": 0.0,
            "max": 0.0
        },
        {
            "current": 1072.638,
            "min": 0.0,
            "max": 0.0
        },
        {
            "current": 2102.417,
            "min": 0.0,
            "max": 0.0
        },
        {
            "current": 999.979,
            "min": 0.0,
            "max": 0.0
        },
        {
            "current": 1216.551,
            "min": 0.0,
            "max": 0.0
        },
        {
            "current": 1978.473,
            "min": 0.0,
            "max": 0.0
        },
        {
            "current": 2100.0,
            "min": 0.0,
            "max": 0.0
        },
        {
            "current": 2099.978,
            "min": 0.0,
            "max": 0.0
        },
        {
            "current": 1700.0,
            "min": 0.0,
            "max": 0.0
        },
        {
            "current": 1800.0,
            "min": 0.0,
            "max": 0.0
        },
        {
            "current": 1923.703,
            "min": 0.0,
            "max": 0.0
        },
        {
            "current": 800.39,
            "min": 0.0,
            "max": 0.0
        },
        {
            "current": 2100.0,
            "min": 0.0,
            "max": 0.0
        },
        {
            "current": 800.07,
            "min": 0.0,
            "max": 0.0
        },
        {
            "current": 1900.0,
            "min": 0.0,
            "max": 0.0
        },
        {
            "current": 800.018,
            "min": 0.0,
            "max": 0.0
        },
        {
            "current": 945.586,
            "min": 0.0,
            "max": 0.0
        },
        {
            "current": 1700.77,
            "min": 0.0,
            "max": 0.0
        },
        {
            "current": 2095.625,
            "min": 0.0,
            "max": 0.0
        },
        {
            "current": 1100.0,
            "min": 0.0,
            "max": 0.0
        },
        {
            "current": 1500.0,
            "min": 0.0,
            "max": 0.0
        },
        {
            "current": 1800.667,
            "min": 0.0,
            "max": 0.0
        },
        {
            "current": 1400.014,
            "min": 0.0,
            "max": 0.0
        },
        {
            "current": 1600.391,
            "min": 0.0,
            "max": 0.0
        },
        {
            "current": 1300.0,
            "min": 0.0,
            "max": 0.0
        },
        {
            "current": 1500.0,
            "min": 0.0,
            "max": 0.0
        },
        {
            "current": 2100.021,
            "min": 0.0,
            "max": 0.0
        },
        {
            "current": 1486.083,
            "min": 0.0,
            "max": 0.0
        },
        {
            "current": 2100.021,
            "min": 0.0,
            "max": 0.0
        },
        {
            "current": 1899.842,
            "min": 0.0,
            "max": 0.0
        },
        {
            "current": 2101.375,
            "min": 0.0,
            "max": 0.0
        },
        {
            "current": 2100.098,
            "min": 0.0,
            "max": 0.0
        },
        {
            "current": 1700.0,
            "min": 0.0,
            "max": 0.0
        },
        {
            "current": 1798.647,
            "min": 0.0,
            "max": 0.0
        },
        {
            "current": 2100.0,
            "min": 0.0,
            "max": 0.0
        },
        {
            "current": 800.0,
            "min": 0.0,
            "max": 0.0
        },
        {
            "current": 1977.699,
            "min": 0.0,
            "max": 0.0
        },
        {
            "current": 800.122,
            "min": 0.0,
            "max": 0.0
        },
        {
            "current": 1023.603,
            "min": 0.0,
            "max": 0.0
        },
        {
            "current": 1184.364,
            "min": 0.0,
            "max": 0.0
        },
        {
            "current": 927.297,
            "min": 0.0,
            "max": 0.0
        },
        {
            "current": 964.091,
            "min": 0.0,
            "max": 0.0
        },
        {
            "current": 1149.619,
            "min": 0.0,
            "max": 0.0
        },
        {
            "current": 800.068,
            "min": 0.0,
            "max": 0.0
        },
        {
            "current": 2100.0,
            "min": 0.0,
            "max": 0.0
        },
        {
            "current": 1199.013,
            "min": 0.0,
            "max": 0.0
        },
        {
            "current": 1801.565,
            "min": 0.0,
            "max": 0.0
        }
    ],
    "disk": {
        "/": {
            "total": 892.6865043640137,
            "used": 708.925838470459
        }
    },
    "gpu": "NVIDIA A40",
    "gpu_count": 1,
    "gpu_devices": [
        {
            "name": "NVIDIA A40",
            "memory_total": 48305799168
        }
    ],
    "memory": {
        "total": 503.3464698791504
    }
}
