{
    "os": "Linux-6.6.9-200.fc39.x86_64-x86_64-with-glibc2.35",
    "python": "3.10.13",
    "heartbeatAt": "2024-08-13T11:07:33.720698",
    "startedAt": "2024-08-13T11:07:33.098278",
    "docker": null,
    "cuda": null,
    "args": [
        "--train_dataset_path=data_model/train_data.json",
        "--valid_dataset_path=data_model/val_data.json",
        "--batch_size=16",
        "--lr=0.0001",
        "--epochs=40",
        "--use_cfg=True",
        "--using_wandb=True",
        "--save_file=trial_falcon"
    ],
    "state": "running",
    "program": "/home/jovyan/MSc_Project/synesthesia/audio/run.py",
    "codePathLocal": "run.py",
    "codePath": "audio/run.py",
    "git": {
        "remote": "https://github.com/sudongtan/synesthesia.git",
        "commit": "f09d7a6bb9215d3c60c1e3d61d41a68352d56937"
    },
    "email": null,
    "root": "/home/jovyan/MSc_Project/synesthesia",
    "host": "jupyter-ec23691",
    "username": "jovyan",
    "executable": "/opt/conda/bin/python",
    "cpu_count": 24,
    "cpu_count_logical": 48,
    "cpu_freq": {
        "current": 1484.6378958333335,
        "min": 0.0,
        "max": 0.0
    },
    "cpu_freq_per_core": [
        {
            "current": 800.0,
            "min": 0.0,
            "max": 0.0
        },
        {
            "current": 908.755,
            "min": 0.0,
            "max": 0.0
        },
        {
            "current": 800.897,
            "min": 0.0,
            "max": 0.0
        },
        {
            "current": 2101.313,
            "min": 0.0,
            "max": 0.0
        },
        {
            "current": 2098.151,
            "min": 0.0,
            "max": 0.0
        },
        {
            "current": 799.503,
            "min": 0.0,
            "max": 0.0
        },
        {
            "current": 2099.978,
            "min": 0.0,
            "max": 0.0
        },
        {
            "current": 1075.245,
            "min": 0.0,
            "max": 0.0
        },
        {
            "current": 2100.0,
            "min": 0.0,
            "max": 0.0
        },
        {
            "current": 2100.0,
            "min": 0.0,
            "max": 0.0
        },
        {
            "current": 1800.188,
            "min": 0.0,
            "max": 0.0
        },
        {
            "current": 800.053,
            "min": 0.0,
            "max": 0.0
        },
        {
            "current": 800.456,
            "min": 0.0,
            "max": 0.0
        },
        {
            "current": 1329.259,
            "min": 0.0,
            "max": 0.0
        },
        {
            "current": 2100.666,
            "min": 0.0,
            "max": 0.0
        },
        {
            "current": 2100.0,
            "min": 0.0,
            "max": 0.0
        },
        {
            "current": 799.959,
            "min": 0.0,
            "max": 0.0
        },
        {
            "current": 800.916,
            "min": 0.0,
            "max": 0.0
        },
        {
            "current": 2099.951,
            "min": 0.0,
            "max": 0.0
        },
        {
            "current": 800.0,
            "min": 0.0,
            "max": 0.0
        },
        {
            "current": 873.5,
            "min": 0.0,
            "max": 0.0
        },
        {
            "current": 2100.0,
            "min": 0.0,
            "max": 0.0
        },
        {
            "current": 800.0,
            "min": 0.0,
            "max": 0.0
        },
        {
            "current": 2100.0,
            "min": 0.0,
            "max": 0.0
        },
        {
            "current": 2100.0,
            "min": 0.0,
            "max": 0.0
        },
        {
            "current": 2100.0,
            "min": 0.0,
            "max": 0.0
        },
        {
            "current": 800.275,
            "min": 0.0,
            "max": 0.0
        },
        {
            "current": 2100.069,
            "min": 0.0,
            "max": 0.0
        },
        {
            "current": 2100.0,
            "min": 0.0,
            "max": 0.0
        },
        {
            "current": 1999.21,
            "min": 0.0,
            "max": 0.0
        },
        {
            "current": 2100.04,
            "min": 0.0,
            "max": 0.0
        },
        {
            "current": 801.243,
            "min": 0.0,
            "max": 0.0
        },
        {
            "current": 2100.0,
            "min": 0.0,
            "max": 0.0
        },
        {
            "current": 2081.818,
            "min": 0.0,
            "max": 0.0
        },
        {
            "current": 1300.0,
            "min": 0.0,
            "max": 0.0
        },
        {
            "current": 800.0,
            "min": 0.0,
            "max": 0.0
        },
        {
            "current": 1500.437,
            "min": 0.0,
            "max": 0.0
        },
        {
            "current": 1708.866,
            "min": 0.0,
            "max": 0.0
        },
        {
            "current": 2100.026,
            "min": 0.0,
            "max": 0.0
        },
        {
            "current": 2099.335,
            "min": 0.0,
            "max": 0.0
        },
        {
            "current": 1400.0,
            "min": 0.0,
            "max": 0.0
        },
        {
            "current": 800.28,
            "min": 0.0,
            "max": 0.0
        },
        {
            "current": 2100.021,
            "min": 0.0,
            "max": 0.0
        },
        {
            "current": 2100.0,
            "min": 0.0,
            "max": 0.0
        },
        {
            "current": 1301.123,
            "min": 0.0,
            "max": 0.0
        },
        {
            "current": 2100.0,
            "min": 0.0,
            "max": 0.0
        },
        {
            "current": 800.049,
            "min": 0.0,
            "max": 0.0
        },
        {
            "current": 2100.701,
            "min": 0.0,
            "max": 0.0
        }
    ],
    "disk": {
        "/": {
            "total": 892.6865043640137,
            "used": 356.0658645629883
        }
    },
    "gpu": "NVIDIA A40",
    "gpu_count": 1,
    "gpu_devices": [
        {
            "name": "NVIDIA A40",
            "memory_total": 48305799168
        }
    ],
    "memory": {
        "total": 503.3464660644531
    }
}
