{
    "os": "Linux-6.6.9-200.fc39.x86_64-x86_64-with-glibc2.35",
    "python": "3.10.13",
    "heartbeatAt": "2024-08-19T14:49:33.771896",
    "startedAt": "2024-08-19T14:49:33.245936",
    "docker": null,
    "cuda": null,
    "args": [
        "--train_dataset_path=data_model/train_data.json",
        "--valid_dataset_path=data_model/val_data.json",
        "--batch_size=16",
        "--lr=0.000001",
        "--epochs=40",
        "--save_file=trial",
        "--using_wandb=True"
    ],
    "state": "running",
    "program": "/home/jovyan/MSc_Project/synesthesia/audio/run.py",
    "codePathLocal": "run.py",
    "codePath": "audio/run.py",
    "git": {
        "remote": "https://github.com/sudongtan/synesthesia.git",
        "commit": "f09d7a6bb9215d3c60c1e3d61d41a68352d56937"
    },
    "email": null,
    "root": "/home/jovyan/MSc_Project/synesthesia",
    "host": "jupyter-ec23691",
    "username": "jovyan",
    "executable": "/opt/conda/bin/python",
    "cpu_count": 24,
    "cpu_count_logical": 48,
    "cpu_freq": {
        "current": 1448.0473333333332,
        "min": 0.0,
        "max": 0.0
    },
    "cpu_freq_per_core": [
        {
            "current": 800.679,
            "min": 0.0,
            "max": 0.0
        },
        {
            "current": 2100.0,
            "min": 0.0,
            "max": 0.0
        },
        {
            "current": 2100.0,
            "min": 0.0,
            "max": 0.0
        },
        {
            "current": 1000.924,
            "min": 0.0,
            "max": 0.0
        },
        {
            "current": 2100.0,
            "min": 0.0,
            "max": 0.0
        },
        {
            "current": 2100.0,
            "min": 0.0,
            "max": 0.0
        },
        {
            "current": 2100.0,
            "min": 0.0,
            "max": 0.0
        },
        {
            "current": 800.799,
            "min": 0.0,
            "max": 0.0
        },
        {
            "current": 2100.0,
            "min": 0.0,
            "max": 0.0
        },
        {
            "current": 800.123,
            "min": 0.0,
            "max": 0.0
        },
        {
            "current": 800.602,
            "min": 0.0,
            "max": 0.0
        },
        {
            "current": 1199.987,
            "min": 0.0,
            "max": 0.0
        },
        {
            "current": 2100.0,
            "min": 0.0,
            "max": 0.0
        },
        {
            "current": 2100.0,
            "min": 0.0,
            "max": 0.0
        },
        {
            "current": 800.0,
            "min": 0.0,
            "max": 0.0
        },
        {
            "current": 2100.0,
            "min": 0.0,
            "max": 0.0
        },
        {
            "current": 800.428,
            "min": 0.0,
            "max": 0.0
        },
        {
            "current": 2100.0,
            "min": 0.0,
            "max": 0.0
        },
        {
            "current": 2100.0,
            "min": 0.0,
            "max": 0.0
        },
        {
            "current": 2100.0,
            "min": 0.0,
            "max": 0.0
        },
        {
            "current": 801.491,
            "min": 0.0,
            "max": 0.0
        },
        {
            "current": 2100.0,
            "min": 0.0,
            "max": 0.0
        },
        {
            "current": 801.093,
            "min": 0.0,
            "max": 0.0
        },
        {
            "current": 800.329,
            "min": 0.0,
            "max": 0.0
        },
        {
            "current": 2100.0,
            "min": 0.0,
            "max": 0.0
        },
        {
            "current": 800.0,
            "min": 0.0,
            "max": 0.0
        },
        {
            "current": 800.685,
            "min": 0.0,
            "max": 0.0
        },
        {
            "current": 2100.0,
            "min": 0.0,
            "max": 0.0
        },
        {
            "current": 2100.0,
            "min": 0.0,
            "max": 0.0
        },
        {
            "current": 2100.0,
            "min": 0.0,
            "max": 0.0
        },
        {
            "current": 2100.0,
            "min": 0.0,
            "max": 0.0
        },
        {
            "current": 2100.0,
            "min": 0.0,
            "max": 0.0
        },
        {
            "current": 800.479,
            "min": 0.0,
            "max": 0.0
        },
        {
            "current": 800.993,
            "min": 0.0,
            "max": 0.0
        },
        {
            "current": 800.1,
            "min": 0.0,
            "max": 0.0
        },
        {
            "current": 2100.0,
            "min": 0.0,
            "max": 0.0
        },
        {
            "current": 800.358,
            "min": 0.0,
            "max": 0.0
        },
        {
            "current": 799.384,
            "min": 0.0,
            "max": 0.0
        },
        {
            "current": 2100.0,
            "min": 0.0,
            "max": 0.0
        },
        {
            "current": 800.0,
            "min": 0.0,
            "max": 0.0
        },
        {
            "current": 800.259,
            "min": 0.0,
            "max": 0.0
        },
        {
            "current": 2100.0,
            "min": 0.0,
            "max": 0.0
        },
        {
            "current": 800.786,
            "min": 0.0,
            "max": 0.0
        },
        {
            "current": 800.613,
            "min": 0.0,
            "max": 0.0
        },
        {
            "current": 2100.0,
            "min": 0.0,
            "max": 0.0
        },
        {
            "current": 1151.886,
            "min": 0.0,
            "max": 0.0
        },
        {
            "current": 2100.0,
            "min": 0.0,
            "max": 0.0
        },
        {
            "current": 2100.0,
            "min": 0.0,
            "max": 0.0
        }
    ],
    "disk": {
        "/": {
            "total": 892.6865043640137,
            "used": 334.87102127075195
        }
    },
    "gpu": "NVIDIA A40",
    "gpu_count": 1,
    "gpu_devices": [
        {
            "name": "NVIDIA A40",
            "memory_total": 48305799168
        }
    ],
    "memory": {
        "total": 503.3464584350586
    }
}
